<?xml version="1.0" encoding="UTF-8" standalone="yes"?>
<PERFORMANCE>
 <INDICATOR>
 <INDICATOR_SEQ>74039</INDICATOR_SEQ>
 <PARENT_SEQ></PARENT_SEQ>
 <AGENCY_NAME>Bridges and Tunnels</AGENCY_NAME>
 <INDICATOR_NAME>Collisions with Injury Rate</INDICATOR_NAME>
 <DESCRIPTION>All customer collisions with injuries on B&amp;T property.  The rate is collisions with injuries per million vehicles.</DESCRIPTION>
 <CATEGORY>Safety Indicators</CATEGORY>
 <FREQUENCY>M</FREQUENCY>
 <DESIRED_CHANGE>D</DESIRED_CHANGE>
 <INDICATOR_UNIT>-</INDICATOR_UNIT>
 <DECIMAL_PLACES>2</DECIMAL_PLACES>
 <YEAR>
  <PERIOD_YEAR>2008</PERIOD_YEAR>
    <MONTH>
     <PERIOD_MONTH>1</PERIOD_MONTH>
      <MONTHLYVALUES>
       <YTD_TARGET>.75</YTD_TARGET>
       <YTD_ACTUAL>.54</YTD_ACTUAL>
       <MONTHLY_TARGET>.75</MONTHLY_TARGET>
       <MONTHLY_ACTUAL>.54</MONTHLY_ACTUAL>
      </MONTHLYVALUES>
    </MONTH>
    <MONTH>
     <PERIOD_MONTH>2</PERIOD_MONTH>
      <MONTHLYVALUES>
       <YTD_TARGET>.89</YTD_TARGET>
       <YTD_ACTUAL>.75</YTD_ACTUAL>
       <MONTHLY_TARGET>1.02</MONTHLY_TARGET>
       <MONTHLY_ACTUAL>.98</MONTHLY_ACTUAL>
      </MONTHLYVALUES>
    </MONTH>
    <MONTH>
     <PERIOD_MONTH>3</PERIOD_MONTH>
      <MONTHLYVALUES>
       <YTD_TARGET>.90</YTD_TARGET>
       <YTD_ACTUAL>.77</YTD_ACTUAL>
       <MONTHLY_TARGET>.92</MONTHLY_TARGET>
       <MONTHLY_ACTUAL>.80</MONTHLY_ACTUAL>
      </MONTHLYVALUES>
    </MONTH>
    <MONTH>
     <PERIOD_MONTH>4</PERIOD_MONTH>
      <MONTHLYVALUES>
       <YTD_TARGET>.97</YTD_TARGET>
       <YTD_ACTUAL>.79</YTD_ACTUAL>
       <MONTHLY_TARGET>1.20</MONTHLY_TARGET>
       <MONTHLY_ACTUAL>.84</MONTHLY_ACTUAL>
      </MONTHLYVALUES>
    </MONTH>
    <MONTH>
     <PERIOD_MONTH>5</PERIOD_MONTH>
      <MONTHLYVALUES>
       <YTD_TARGET>.99</YTD_TARGET>
       <YTD_ACTUAL>.94</YTD_ACTUAL>
       <MONTHLY_TARGET>1.08</MONTHLY_TARGET>
       <MONTHLY_ACTUAL>1.49</MONTHLY_ACTUAL>
      </MONTHLYVALUES>
    </MONTH>
    <MONTH>
     <PERIOD_MONTH>6</PERIOD_MONTH>
      <MONTHLYVALUES>
       <YTD_TARGET>1.03</YTD_TARGET>
       <YTD_ACTUAL>.94</YTD_ACTUAL>
       <MONTHLY_TARGET>1.18</MONTHLY_TARGET>
       <MONTHLY_ACTUAL>.97</MONTHLY_ACTUAL>
      </MONTHLYVALUES>
    </MONTH>
    <MONTH>
     <PERIOD_MONTH>7</PERIOD_MONTH>
      <MONTHLYVALUES>
       <YTD_TARGET>1.07</YTD_TARGET>
       <YTD_ACTUAL>.98</YTD_ACTUAL>
       <MONTHLY_TARGET>1.35</MONTHLY_TARGET>
       <MONTHLY_ACTUAL>1.19</MONTHLY_ACTUAL>
      </MONTHLYVALUES>
    </MONTH>
    <MONTH>
     <PERIOD_MONTH>8</PERIOD_MONTH>
      <MONTHLYVALUES>
       <YTD_TARGET>1.09</YTD_TARGET>
       <YTD_ACTUAL>.97</YTD_ACTUAL>
       <MONTHLY_TARGET>1.20</MONTHLY_TARGET>
       <MONTHLY_ACTUAL>.91</MONTHLY_ACTUAL>
      </MONTHLYVALUES>
    </MONTH>
    <MONTH>
     <PERIOD_MONTH>9</PERIOD_MONTH>
      <MONTHLYVALUES>
       <YTD_TARGET>1.09</YTD_TARGET>
       <YTD_ACTUAL>.97</YTD_ACTUAL>
       <MONTHLY_TARGET>1.15</MONTHLY_TARGET>
       <MONTHLY_ACTUAL>1.02</MONTHLY_ACTUAL>
      </MONTHLYVALUES>
    </MONTH>
    <MONTH>
     <PERIOD_MONTH>10</PERIOD_MONTH>
      <MONTHLYVALUES>
       <YTD_TARGET>1.09</YTD_TARGET>
       <YTD_ACTUAL>.98</YTD_ACTUAL>
       <MONTHLY_TARGET>1.02</MONTHLY_TARGET>
       <MONTHLY_ACTUAL>.99</MONTHLY_ACTUAL>
      </MONTHLYVALUES>
    </MONTH>
    <MONTH>
     <PERIOD_MONTH>11</PERIOD_MONTH>
      <MONTHLYVALUES>
       <YTD_TARGET>1.07</YTD_TARGET>
       <YTD_ACTUAL>.96</YTD_ACTUAL>
       <MONTHLY_TARGET>.89</MONTHLY_TARGET>
       <MONTHLY_ACTUAL>.80</MONTHLY_ACTUAL>
      </MONTHLYVALUES>
    </MONTH>
    <MONTH>
     <PERIOD_MONTH>12</PERIOD_MONTH>
      <MONTHLYVALUES>
       <YTD_TARGET>1.07</YTD_TARGET>
       <YTD_ACTUAL>.95</YTD_ACTUAL>
       <MONTHLY_TARGET>1.06</MONTHLY_TARGET>
       <MONTHLY_ACTUAL>.83</MONTHLY_ACTUAL>
      </MONTHLYVALUES>
    </MONTH>
 </YEAR>
 <YEAR>
  <PERIOD_YEAR>2009</PERIOD_YEAR>
    <MONTH>
     <PERIOD_MONTH>1</PERIOD_MONTH>
      <MONTHLYVALUES>
       <YTD_TARGET>.61</YTD_TARGET>
       <YTD_ACTUAL>.58</YTD_ACTUAL>
       <MONTHLY_TARGET>.61</MONTHLY_TARGET>
       <MONTHLY_ACTUAL>.58</MONTHLY_ACTUAL>
      </MONTHLYVALUES>
    </MONTH>
    <MONTH>
     <PERIOD_MONTH>2</PERIOD_MONTH>
      <MONTHLYVALUES>
       <YTD_TARGET>.74</YTD_TARGET>
       <YTD_ACTUAL>.57</YTD_ACTUAL>
       <MONTHLY_TARGET>.87</MONTHLY_TARGET>
       <MONTHLY_ACTUAL>.56</MONTHLY_ACTUAL>
      </MONTHLYVALUES>
    </MONTH>
    <MONTH>
     <PERIOD_MONTH>3</PERIOD_MONTH>
      <MONTHLYVALUES>
       <YTD_TARGET>.75</YTD_TARGET>
       <YTD_ACTUAL>.68</YTD_ACTUAL>
       <MONTHLY_TARGET>.76</MONTHLY_TARGET>
       <MONTHLY_ACTUAL>.86</MONTHLY_ACTUAL>
      </MONTHLYVALUES>
    </MONTH>
    <MONTH>
     <PERIOD_MONTH>4</PERIOD_MONTH>
      <MONTHLYVALUES>
       <YTD_TARGET>.80</YTD_TARGET>
       <YTD_ACTUAL>.74</YTD_ACTUAL>
       <MONTHLY_TARGET>.94</MONTHLY_TARGET>
       <MONTHLY_ACTUAL>.93</MONTHLY_ACTUAL>
      </MONTHLYVALUES>
    </MONTH>
    <MONTH>
     <PERIOD_MONTH>5</PERIOD_MONTH>
      <MONTHLYVALUES>
       <YTD_TARGET>.84</YTD_TARGET>
       <YTD_ACTUAL>.76</YTD_ACTUAL>
       <MONTHLY_TARGET>1.02</MONTHLY_TARGET>
       <MONTHLY_ACTUAL>.81</MONTHLY_ACTUAL>
      </MONTHLYVALUES>
    </MONTH>
    <MONTH>
     <PERIOD_MONTH>6</PERIOD_MONTH>
      <MONTHLYVALUES>
       <YTD_TARGET>.85</YTD_TARGET>
       <YTD_ACTUAL>.82</YTD_ACTUAL>
       <MONTHLY_TARGET>.92</MONTHLY_TARGET>
       <MONTHLY_ACTUAL>1.12</MONTHLY_ACTUAL>
      </MONTHLYVALUES>
    </MONTH>
    <MONTH>
     <PERIOD_MONTH>7</PERIOD_MONTH>
      <MONTHLYVALUES>
       <YTD_TARGET>.88</YTD_TARGET>
       <YTD_ACTUAL>.93</YTD_ACTUAL>
       <MONTHLY_TARGET>1.07</MONTHLY_TARGET>
       <MONTHLY_ACTUAL>1.53</MONTHLY_ACTUAL>
      </MONTHLYVALUES>
    </MONTH>
    <MONTH>
     <PERIOD_MONTH>8</PERIOD_MONTH>
      <MONTHLYVALUES>
       <YTD_TARGET>.90</YTD_TARGET>
       <YTD_ACTUAL>.95</YTD_ACTUAL>
       <MONTHLY_TARGET>1.00</MONTHLY_TARGET>
       <MONTHLY_ACTUAL>1.04</MONTHLY_ACTUAL>
      </MONTHLYVALUES>
    </MONTH>
    <MONTH>
     <PERIOD_MONTH>9</PERIOD_MONTH>
      <MONTHLYVALUES>
       <YTD_TARGET>.91</YTD_TARGET>
       <YTD_ACTUAL>.93</YTD_ACTUAL>
       <MONTHLY_TARGET>1.00</MONTHLY_TARGET>
       <MONTHLY_ACTUAL>.85</MONTHLY_ACTUAL>
      </MONTHLYVALUES>
    </MONTH>
    <MONTH>
     <PERIOD_MONTH>10</PERIOD_MONTH>
      <MONTHLYVALUES>
       <YTD_TARGET>.90</YTD_TARGET>
       <YTD_ACTUAL>.97</YTD_ACTUAL>
       <MONTHLY_TARGET>.86</MONTHLY_TARGET>
       <MONTHLY_ACTUAL>1.31</MONTHLY_ACTUAL>
      </MONTHLYVALUES>
    </MONTH>
    <MONTH>
     <PERIOD_MONTH>11</PERIOD_MONTH>
      <MONTHLYVALUES>
       <YTD_TARGET>.90</YTD_TARGET>
       <YTD_ACTUAL>.96</YTD_ACTUAL>
       <MONTHLY_TARGET>.81</MONTHLY_TARGET>
       <MONTHLY_ACTUAL>.88</MONTHLY_ACTUAL>
      </MONTHLYVALUES>
    </MONTH>
    <MONTH>
     <PERIOD_MONTH>12</PERIOD_MONTH>
      <MONTHLYVALUES>
       <YTD_TARGET>.90</YTD_TARGET>
       <YTD_ACTUAL>.96</YTD_ACTUAL>
       <MONTHLY_TARGET>.92</MONTHLY_TARGET>
       <MONTHLY_ACTUAL>.93</MONTHLY_ACTUAL>
      </MONTHLYVALUES>
    </MONTH>
 </YEAR>
 <YEAR>
  <PERIOD_YEAR>2010</PERIOD_YEAR>
    <MONTH>
     <PERIOD_MONTH>1</PERIOD_MONTH>
      <MONTHLYVALUES>
       <YTD_TARGET>.54</YTD_TARGET>
       <YTD_ACTUAL>.67</YTD_ACTUAL>
       <MONTHLY_TARGET>.54</MONTHLY_TARGET>
       <MONTHLY_ACTUAL>.67</MONTHLY_ACTUAL>
      </MONTHLYVALUES>
    </MONTH>
    <MONTH>
     <PERIOD_MONTH>2</PERIOD_MONTH>
      <MONTHLYVALUES>
       <YTD_TARGET>.66</YTD_TARGET>
       <YTD_ACTUAL>.64</YTD_ACTUAL>
       <MONTHLY_TARGET>.78</MONTHLY_TARGET>
       <MONTHLY_ACTUAL>.62</MONTHLY_ACTUAL>
      </MONTHLYVALUES>
    </MONTH>
    <MONTH>
     <PERIOD_MONTH>3</PERIOD_MONTH>
      <MONTHLYVALUES>
       <YTD_TARGET>.71</YTD_TARGET>
       <YTD_ACTUAL>.77</YTD_ACTUAL>
       <MONTHLY_TARGET>.81</MONTHLY_TARGET>
       <MONTHLY_ACTUAL>.97</MONTHLY_ACTUAL>
      </MONTHLYVALUES>
    </MONTH>
    <MONTH>
     <PERIOD_MONTH>4</PERIOD_MONTH>
      <MONTHLYVALUES>
       <YTD_TARGET>.74</YTD_TARGET>
       <YTD_ACTUAL>.82</YTD_ACTUAL>
       <MONTHLY_TARGET>.84</MONTHLY_TARGET>
       <MONTHLY_ACTUAL>.93</MONTHLY_ACTUAL>
      </MONTHLYVALUES>
    </MONTH>
    <MONTH>
     <PERIOD_MONTH>5</PERIOD_MONTH>
      <MONTHLYVALUES>
       <YTD_TARGET>.80</YTD_TARGET>
       <YTD_ACTUAL>.88</YTD_ACTUAL>
       <MONTHLY_TARGET>1.04</MONTHLY_TARGET>
       <MONTHLY_ACTUAL>1.07</MONTHLY_ACTUAL>
      </MONTHLYVALUES>
    </MONTH>
    <MONTH>
     <PERIOD_MONTH>6</PERIOD_MONTH>
      <MONTHLYVALUES>
       <YTD_TARGET>.81</YTD_TARGET>
       <YTD_ACTUAL>.81</YTD_ACTUAL>
       <MONTHLY_TARGET>.87</MONTHLY_TARGET>
       <MONTHLY_ACTUAL>.46</MONTHLY_ACTUAL>
      </MONTHLYVALUES>
    </MONTH>
    <MONTH>
     <PERIOD_MONTH>7</PERIOD_MONTH>
      <MONTHLYVALUES>
       <YTD_TARGET>.87</YTD_TARGET>
       <YTD_ACTUAL>.88</YTD_ACTUAL>
       <MONTHLY_TARGET>1.24</MONTHLY_TARGET>
       <MONTHLY_ACTUAL>1.26</MONTHLY_ACTUAL>
      </MONTHLYVALUES>
    </MONTH>
    <MONTH>
     <PERIOD_MONTH>8</PERIOD_MONTH>
      <MONTHLYVALUES>
       <YTD_TARGET>.90</YTD_TARGET>
       <YTD_ACTUAL>.90</YTD_ACTUAL>
       <MONTHLY_TARGET>1.08</MONTHLY_TARGET>
       <MONTHLY_ACTUAL>1.06</MONTHLY_ACTUAL>
      </MONTHLYVALUES>
    </MONTH>
    <MONTH>
     <PERIOD_MONTH>9</PERIOD_MONTH>
      <MONTHLYVALUES>
       <YTD_TARGET>.90</YTD_TARGET>
       <YTD_ACTUAL>.91</YTD_ACTUAL>
       <MONTHLY_TARGET>.94</MONTHLY_TARGET>
       <MONTHLY_ACTUAL>1.01</MONTHLY_ACTUAL>
      </MONTHLYVALUES>
    </MONTH>
    <MONTH>
     <PERIOD_MONTH>10</PERIOD_MONTH>
      <MONTHLYVALUES>
       <YTD_TARGET>.92</YTD_TARGET>
       <YTD_ACTUAL>.93</YTD_ACTUAL>
       <MONTHLY_TARGET>1.05</MONTHLY_TARGET>
       <MONTHLY_ACTUAL>1.13</MONTHLY_ACTUAL>
      </MONTHLYVALUES>
    </MONTH>
    <MONTH>
     <PERIOD_MONTH>11</PERIOD_MONTH>
      <MONTHLYVALUES>
       <YTD_TARGET>.91</YTD_TARGET>
       <YTD_ACTUAL>.91</YTD_ACTUAL>
       <MONTHLY_TARGET>.81</MONTHLY_TARGET>
       <MONTHLY_ACTUAL>.66</MONTHLY_ACTUAL>
      </MONTHLYVALUES>
    </MONTH>
    <MONTH>
     <PERIOD_MONTH>12</PERIOD_MONTH>
      <MONTHLYVALUES>
       <YTD_TARGET>.91</YTD_TARGET>
       <YTD_ACTUAL>.90</YTD_ACTUAL>
       <MONTHLY_TARGET>.84</MONTHLY_TARGET>
       <MONTHLY_ACTUAL>.73</MONTHLY_ACTUAL>
      </MONTHLYVALUES>
    </MONTH>
 </YEAR>
 <YEAR>
  <PERIOD_YEAR>2011</PERIOD_YEAR>
    <MONTH>
     <PERIOD_MONTH>1</PERIOD_MONTH>
      <MONTHLYVALUES>
       <YTD_TARGET>.54</YTD_TARGET>
       <YTD_ACTUAL>.78</YTD_ACTUAL>
       <MONTHLY_TARGET>.54</MONTHLY_TARGET>
       <MONTHLY_ACTUAL>.78</MONTHLY_ACTUAL>
      </MONTHLYVALUES>
    </MONTH>
    <MONTH>
     <PERIOD_MONTH>2</PERIOD_MONTH>
      <MONTHLYVALUES>
       <YTD_TARGET>.60</YTD_TARGET>
       <YTD_ACTUAL>.73</YTD_ACTUAL>
       <MONTHLY_TARGET>.66</MONTHLY_TARGET>
       <MONTHLY_ACTUAL>.59</MONTHLY_ACTUAL>
      </MONTHLYVALUES>
    </MONTH>
    <MONTH>
     <PERIOD_MONTH>3</PERIOD_MONTH>
      <MONTHLYVALUES>
       <YTD_TARGET>.67</YTD_TARGET>
       <YTD_ACTUAL>.83</YTD_ACTUAL>
       <MONTHLY_TARGET>.81</MONTHLY_TARGET>
       <MONTHLY_ACTUAL>.99</MONTHLY_ACTUAL>
      </MONTHLYVALUES>
    </MONTH>
    <MONTH>
     <PERIOD_MONTH>4</PERIOD_MONTH>
      <MONTHLYVALUES>
       <YTD_TARGET>.71</YTD_TARGET>
       <YTD_ACTUAL>.79</YTD_ACTUAL>
       <MONTHLY_TARGET>.83</MONTHLY_TARGET>
       <MONTHLY_ACTUAL>.67</MONTHLY_ACTUAL>
      </MONTHLYVALUES>
    </MONTH>
    <MONTH>
     <PERIOD_MONTH>5</PERIOD_MONTH>
      <MONTHLYVALUES>
       <YTD_TARGET>.77</YTD_TARGET>
       <YTD_ACTUAL>.78</YTD_ACTUAL>
       <MONTHLY_TARGET>1.01</MONTHLY_TARGET>
       <MONTHLY_ACTUAL>.71</MONTHLY_ACTUAL>
      </MONTHLYVALUES>
    </MONTH>
    <MONTH>
     <PERIOD_MONTH>6</PERIOD_MONTH>
      <MONTHLYVALUES>
       <YTD_TARGET>.77</YTD_TARGET>
       <YTD_ACTUAL>.75</YTD_ACTUAL>
       <MONTHLY_TARGET>.77</MONTHLY_TARGET>
       <MONTHLY_ACTUAL>.63</MONTHLY_ACTUAL>
      </MONTHLYVALUES>
    </MONTH>
    <MONTH>
     <PERIOD_MONTH>7</PERIOD_MONTH>
      <MONTHLYVALUES>
       <YTD_TARGET>.83</YTD_TARGET>
       <YTD_ACTUAL>.90</YTD_ACTUAL>
       <MONTHLY_TARGET>1.21</MONTHLY_TARGET>
       <MONTHLY_ACTUAL>1.98</MONTHLY_ACTUAL>
      </MONTHLYVALUES>
    </MONTH>
    <MONTH>
     <PERIOD_MONTH>8</PERIOD_MONTH>
      <MONTHLYVALUES>
       <YTD_TARGET>.84</YTD_TARGET>
       <YTD_ACTUAL>.98</YTD_ACTUAL>
       <MONTHLY_TARGET>.92</MONTHLY_TARGET>
       <MONTHLY_ACTUAL>1.43</MONTHLY_ACTUAL>
      </MONTHLYVALUES>
    </MONTH>
    <MONTH>
     <PERIOD_MONTH>9</PERIOD_MONTH>
      <MONTHLYVALUES>
       <YTD_TARGET>.85</YTD_TARGET>
       <YTD_ACTUAL>.95</YTD_ACTUAL>
       <MONTHLY_TARGET>.87</MONTHLY_TARGET>
       <MONTHLY_ACTUAL>1.03</MONTHLY_ACTUAL>
      </MONTHLYVALUES>
    </MONTH>
    <MONTH>
     <PERIOD_MONTH>10</PERIOD_MONTH>
      <MONTHLYVALUES>
       <YTD_TARGET>.87</YTD_TARGET>
       <YTD_ACTUAL>.95</YTD_ACTUAL>
       <MONTHLY_TARGET>1.05</MONTHLY_TARGET>
       <MONTHLY_ACTUAL>.86</MONTHLY_ACTUAL>
      </MONTHLYVALUES>
    </MONTH>
    <MONTH>
     <PERIOD_MONTH>11</PERIOD_MONTH>
      <MONTHLYVALUES>
       <YTD_TARGET>.85</YTD_TARGET>
       <YTD_ACTUAL>.91</YTD_ACTUAL>
       <MONTHLY_TARGET>.71</MONTHLY_TARGET>
       <MONTHLY_ACTUAL>.51</MONTHLY_ACTUAL>
      </MONTHLYVALUES>
    </MONTH>
    <MONTH>
     <PERIOD_MONTH>12</PERIOD_MONTH>
      <MONTHLYVALUES>
       <YTD_TARGET>.85</YTD_TARGET>
       <YTD_ACTUAL>.88</YTD_ACTUAL>
       <MONTHLY_TARGET>.76</MONTHLY_TARGET>
       <MONTHLY_ACTUAL>.54</MONTHLY_ACTUAL>
      </MONTHLYVALUES>
    </MONTH>
 </YEAR>
 <YEAR>
  <PERIOD_YEAR>2012</PERIOD_YEAR>
    <MONTH>
     <PERIOD_MONTH>1</PERIOD_MONTH>
      <MONTHLYVALUES>
       <YTD_TARGET>.65</YTD_TARGET>
       <YTD_ACTUAL>.85</YTD_ACTUAL>
       <MONTHLY_TARGET>.65</MONTHLY_TARGET>
       <MONTHLY_ACTUAL>.85</MONTHLY_ACTUAL>
      </MONTHLYVALUES>
    </MONTH>
    <MONTH>
     <PERIOD_MONTH>2</PERIOD_MONTH>
      <MONTHLYVALUES>
       <YTD_TARGET>.59</YTD_TARGET>
       <YTD_ACTUAL>.69</YTD_ACTUAL>
       <MONTHLY_TARGET>.54</MONTHLY_TARGET>
       <MONTHLY_ACTUAL>.51</MONTHLY_ACTUAL>
      </MONTHLYVALUES>
    </MONTH>
    <MONTH>
     <PERIOD_MONTH>3</PERIOD_MONTH>
      <MONTHLYVALUES>
       <YTD_TARGET>.69</YTD_TARGET>
       <YTD_ACTUAL>.80</YTD_ACTUAL>
       <MONTHLY_TARGET>.88</MONTHLY_TARGET>
       <MONTHLY_ACTUAL>.99</MONTHLY_ACTUAL>
      </MONTHLYVALUES>
    </MONTH>
    <MONTH>
     <PERIOD_MONTH>4</PERIOD_MONTH>
      <MONTHLYVALUES>
       <YTD_TARGET>.72</YTD_TARGET>
       <YTD_ACTUAL>.85</YTD_ACTUAL>
       <MONTHLY_TARGET>.81</MONTHLY_TARGET>
       <MONTHLY_ACTUAL>1.00</MONTHLY_ACTUAL>
      </MONTHLYVALUES>
    </MONTH>
    <MONTH>
     <PERIOD_MONTH>5</PERIOD_MONTH>
      <MONTHLYVALUES>
       <YTD_TARGET>.73</YTD_TARGET>
       <YTD_ACTUAL>.86</YTD_ACTUAL>
       <MONTHLY_TARGET>.79</MONTHLY_TARGET>
       <MONTHLY_ACTUAL>.86</MONTHLY_ACTUAL>
      </MONTHLYVALUES>
    </MONTH>
    <MONTH>
     <PERIOD_MONTH>6</PERIOD_MONTH>
      <MONTHLYVALUES>
       <YTD_TARGET>.72</YTD_TARGET>
       <YTD_ACTUAL>.93</YTD_ACTUAL>
       <MONTHLY_TARGET>.69</MONTHLY_TARGET>
       <MONTHLY_ACTUAL>1.26</MONTHLY_ACTUAL>
      </MONTHLYVALUES>
    </MONTH>
    <MONTH>
     <PERIOD_MONTH>7</PERIOD_MONTH>
      <MONTHLYVALUES>
       <YTD_TARGET>.80</YTD_TARGET>
       <YTD_ACTUAL>.92</YTD_ACTUAL>
       <MONTHLY_TARGET>1.29</MONTHLY_TARGET>
       <MONTHLY_ACTUAL>.84</MONTHLY_ACTUAL>
      </MONTHLYVALUES>
    </MONTH>
    <MONTH>
     <PERIOD_MONTH>8</PERIOD_MONTH>
      <MONTHLYVALUES>
       <YTD_TARGET>.84</YTD_TARGET>
       <YTD_ACTUAL>.96</YTD_ACTUAL>
       <MONTHLY_TARGET>1.07</MONTHLY_TARGET>
       <MONTHLY_ACTUAL>1.20</MONTHLY_ACTUAL>
      </MONTHLYVALUES>
    </MONTH>
    <MONTH>
     <PERIOD_MONTH>9</PERIOD_MONTH>
      <MONTHLYVALUES>
       <YTD_TARGET>.84</YTD_TARGET>
       <YTD_ACTUAL>.93</YTD_ACTUAL>
       <MONTHLY_TARGET>.89</MONTHLY_TARGET>
       <MONTHLY_ACTUAL>.71</MONTHLY_ACTUAL>
      </MONTHLYVALUES>
    </MONTH>
    <MONTH>
     <PERIOD_MONTH>10</PERIOD_MONTH>
      <MONTHLYVALUES>
       <YTD_TARGET>.86</YTD_TARGET>
       <YTD_ACTUAL>.94</YTD_ACTUAL>
       <MONTHLY_TARGET>1.03</MONTHLY_TARGET>
       <MONTHLY_ACTUAL>1.08</MONTHLY_ACTUAL>
      </MONTHLYVALUES>
    </MONTH>
    <MONTH>
     <PERIOD_MONTH>11</PERIOD_MONTH>
      <MONTHLYVALUES>
       <YTD_TARGET>.84</YTD_TARGET>
       <YTD_ACTUAL>.91</YTD_ACTUAL>
       <MONTHLY_TARGET>.62</MONTHLY_TARGET>
       <MONTHLY_ACTUAL>.42</MONTHLY_ACTUAL>
      </MONTHLYVALUES>
    </MONTH>
    <MONTH>
     <PERIOD_MONTH>12</PERIOD_MONTH>
      <MONTHLYVALUES>
       <YTD_TARGET>.84</YTD_TARGET>
       <YTD_ACTUAL>.89</YTD_ACTUAL>
       <MONTHLY_TARGET>.67</MONTHLY_TARGET>
       <MONTHLY_ACTUAL>.71</MONTHLY_ACTUAL>
      </MONTHLYVALUES>
    </MONTH>
 </YEAR>
 <YEAR>
  <PERIOD_YEAR>2013</PERIOD_YEAR>
    <MONTH>
     <PERIOD_MONTH>1</PERIOD_MONTH>
      <MONTHLYVALUES>
       <YTD_TARGET>.84</YTD_TARGET>
       <YTD_ACTUAL>.96</YTD_ACTUAL>
       <MONTHLY_TARGET>.84</MONTHLY_TARGET>
       <MONTHLY_ACTUAL>.96</MONTHLY_ACTUAL>
      </MONTHLYVALUES>
    </MONTH>
    <MONTH>
     <PERIOD_MONTH>2</PERIOD_MONTH>
      <MONTHLYVALUES>
       <YTD_TARGET>.84</YTD_TARGET>
       <YTD_ACTUAL>.96</YTD_ACTUAL>
       <MONTHLY_TARGET>.84</MONTHLY_TARGET>
       <MONTHLY_ACTUAL>.95</MONTHLY_ACTUAL>
      </MONTHLYVALUES>
    </MONTH>
    <MONTH>
     <PERIOD_MONTH>3</PERIOD_MONTH>
      <MONTHLYVALUES>
       <YTD_TARGET>.84</YTD_TARGET>
       <YTD_ACTUAL>.84</YTD_ACTUAL>
       <MONTHLY_TARGET>.84</MONTHLY_TARGET>
       <MONTHLY_ACTUAL>.71</MONTHLY_ACTUAL>
      </MONTHLYVALUES>
    </MONTH>
    <MONTH>
     <PERIOD_MONTH>4</PERIOD_MONTH>
      <MONTHLYVALUES>
       <YTD_TARGET>.84</YTD_TARGET>
       <YTD_ACTUAL>.75</YTD_ACTUAL>
       <MONTHLY_TARGET>.84</MONTHLY_TARGET>
       <MONTHLY_ACTUAL>.41</MONTHLY_ACTUAL>
      </MONTHLYVALUES>
    </MONTH>
    <MONTH>
     <PERIOD_MONTH>5</PERIOD_MONTH>
      <MONTHLYVALUES>
       <YTD_TARGET>.84</YTD_TARGET>
       <YTD_ACTUAL>.82</YTD_ACTUAL>
       <MONTHLY_TARGET>.84</MONTHLY_TARGET>
       <MONTHLY_ACTUAL>1.10</MONTHLY_ACTUAL>
      </MONTHLYVALUES>
    </MONTH>
    <MONTH>
     <PERIOD_MONTH>6</PERIOD_MONTH>
      <MONTHLYVALUES>
       <YTD_TARGET>.84</YTD_TARGET>
       <YTD_ACTUAL>.98</YTD_ACTUAL>
       <MONTHLY_TARGET>.84</MONTHLY_TARGET>
       <MONTHLY_ACTUAL>1.70</MONTHLY_ACTUAL>
      </MONTHLYVALUES>
    </MONTH>
    <MONTH>
     <PERIOD_MONTH>7</PERIOD_MONTH>
      <MONTHLYVALUES>
       <YTD_TARGET>.84</YTD_TARGET>
       <YTD_ACTUAL>.97</YTD_ACTUAL>
       <MONTHLY_TARGET>.84</MONTHLY_TARGET>
       <MONTHLY_ACTUAL>.91</MONTHLY_ACTUAL>
      </MONTHLYVALUES>
    </MONTH>
    <MONTH>
     <PERIOD_MONTH>8</PERIOD_MONTH>
      <MONTHLYVALUES>
       <YTD_TARGET>.84</YTD_TARGET>
       <YTD_ACTUAL>.98</YTD_ACTUAL>
       <MONTHLY_TARGET>.84</MONTHLY_TARGET>
       <MONTHLY_ACTUAL>.99</MONTHLY_ACTUAL>
      </MONTHLYVALUES>
    </MONTH>
    <MONTH>
     <PERIOD_MONTH>9</PERIOD_MONTH>
      <MONTHLYVALUES>
       <YTD_TARGET>.84</YTD_TARGET>
       <YTD_ACTUAL>1.00</YTD_ACTUAL>
       <MONTHLY_TARGET>.84</MONTHLY_TARGET>
       <MONTHLY_ACTUAL>1.15</MONTHLY_ACTUAL>
      </MONTHLYVALUES>
    </MONTH>
    <MONTH>
     <PERIOD_MONTH>10</PERIOD_MONTH>
      <MONTHLYVALUES>
       <YTD_TARGET>.84</YTD_TARGET>
       <YTD_ACTUAL>.98</YTD_ACTUAL>
       <MONTHLY_TARGET>.84</MONTHLY_TARGET>
       <MONTHLY_ACTUAL>.82</MONTHLY_ACTUAL>
      </MONTHLYVALUES>
    </MONTH>
    <MONTH>
     <PERIOD_MONTH>11</PERIOD_MONTH>
      <MONTHLYVALUES>
       <YTD_TARGET>.84</YTD_TARGET>
       <YTD_ACTUAL>.99</YTD_ACTUAL>
       <MONTHLY_TARGET>.84</MONTHLY_TARGET>
       <MONTHLY_ACTUAL>.97</MONTHLY_ACTUAL>
      </MONTHLYVALUES>
    </MONTH>
    <MONTH>
     <PERIOD_MONTH>12</PERIOD_MONTH>
      <MONTHLYVALUES>
       <YTD_TARGET>.84</YTD_TARGET>
       <YTD_ACTUAL>.99</YTD_ACTUAL>
       <MONTHLY_TARGET>.84</MONTHLY_TARGET>
       <MONTHLY_ACTUAL>1.02</MONTHLY_ACTUAL>
      </MONTHLYVALUES>
    </MONTH>
 </YEAR>
 <YEAR>
  <PERIOD_YEAR>2014</PERIOD_YEAR>
    <MONTH>
     <PERIOD_MONTH>1</PERIOD_MONTH>
      <MONTHLYVALUES>
       <YTD_TARGET>.86</YTD_TARGET>
       <YTD_ACTUAL>1.09</YTD_ACTUAL>
       <MONTHLY_TARGET>.86</MONTHLY_TARGET>
       <MONTHLY_ACTUAL>1.09</MONTHLY_ACTUAL>
      </MONTHLYVALUES>
    </MONTH>
    <MONTH>
     <PERIOD_MONTH>2</PERIOD_MONTH>
      <MONTHLYVALUES>
       <YTD_TARGET>.75</YTD_TARGET>
       <YTD_ACTUAL>.62</YTD_ACTUAL>
       <MONTHLY_TARGET>.64</MONTHLY_TARGET>
       <MONTHLY_ACTUAL>.52</MONTHLY_ACTUAL>
      </MONTHLYVALUES>
    </MONTH>
    <MONTH>
     <PERIOD_MONTH>3</PERIOD_MONTH>
      <MONTHLYVALUES>
       <YTD_TARGET>.75</YTD_TARGET>
       <YTD_ACTUAL>.54</YTD_ACTUAL>
       <MONTHLY_TARGET>.76</MONTHLY_TARGET>
       <MONTHLY_ACTUAL>.33</MONTHLY_ACTUAL>
      </MONTHLYVALUES>
    </MONTH>
    <MONTH>
     <PERIOD_MONTH>4</PERIOD_MONTH>
      <MONTHLYVALUES>
       <YTD_TARGET>.77</YTD_TARGET>
       <YTD_ACTUAL>.62</YTD_ACTUAL>
       <MONTHLY_TARGET>.81</MONTHLY_TARGET>
       <MONTHLY_ACTUAL>.82</MONTHLY_ACTUAL>
      </MONTHLYVALUES>
    </MONTH>
    <MONTH>
     <PERIOD_MONTH>5</PERIOD_MONTH>
      <MONTHLYVALUES>
       <YTD_TARGET>.78</YTD_TARGET>
       <YTD_ACTUAL>.68</YTD_ACTUAL>
       <MONTHLY_TARGET>.84</MONTHLY_TARGET>
       <MONTHLY_ACTUAL>1.03</MONTHLY_ACTUAL>
      </MONTHLYVALUES>
    </MONTH>
    <MONTH>
     <PERIOD_MONTH>6</PERIOD_MONTH>
      <MONTHLYVALUES>
       <YTD_TARGET>.84</YTD_TARGET>
       <YTD_ACTUAL>.84</YTD_ACTUAL>
       <MONTHLY_TARGET>1.14</MONTHLY_TARGET>
       <MONTHLY_ACTUAL>1.56</MONTHLY_ACTUAL>
      </MONTHLYVALUES>
    </MONTH>
    <MONTH>
     <PERIOD_MONTH>7</PERIOD_MONTH>
      <MONTHLYVALUES>
       <YTD_TARGET>.88</YTD_TARGET>
       <YTD_ACTUAL>.92</YTD_ACTUAL>
       <MONTHLY_TARGET>1.08</MONTHLY_TARGET>
       <MONTHLY_ACTUAL>.96</MONTHLY_ACTUAL>
      </MONTHLYVALUES>
    </MONTH>
    <MONTH>
     <PERIOD_MONTH>8</PERIOD_MONTH>
      <MONTHLYVALUES>
       <YTD_TARGET>.90</YTD_TARGET>
       <YTD_ACTUAL>.92</YTD_ACTUAL>
       <MONTHLY_TARGET>1.08</MONTHLY_TARGET>
       <MONTHLY_ACTUAL>.94</MONTHLY_ACTUAL>
      </MONTHLYVALUES>
    </MONTH>
    <MONTH>
     <PERIOD_MONTH>9</PERIOD_MONTH>
      <MONTHLYVALUES>
       <YTD_TARGET>.91</YTD_TARGET>
       <YTD_ACTUAL>.92</YTD_ACTUAL>
       <MONTHLY_TARGET>.93</MONTHLY_TARGET>
       <MONTHLY_ACTUAL>.88</MONTHLY_ACTUAL>
      </MONTHLYVALUES>
    </MONTH>
    <MONTH>
     <PERIOD_MONTH>10</PERIOD_MONTH>
      <MONTHLYVALUES>
       <YTD_TARGET>.91</YTD_TARGET>
       <YTD_ACTUAL>.89</YTD_ACTUAL>
       <MONTHLY_TARGET>.93</MONTHLY_TARGET>
       <MONTHLY_ACTUAL>.66</MONTHLY_ACTUAL>
      </MONTHLYVALUES>
    </MONTH>
    <MONTH>
     <PERIOD_MONTH>11</PERIOD_MONTH>
      <MONTHLYVALUES>
       <YTD_TARGET>.88</YTD_TARGET>
       <YTD_ACTUAL>.88</YTD_ACTUAL>
       <MONTHLY_TARGET>.60</MONTHLY_TARGET>
       <MONTHLY_ACTUAL>.76</MONTHLY_ACTUAL>
      </MONTHLYVALUES>
    </MONTH>
    <MONTH>
     <PERIOD_MONTH>12</PERIOD_MONTH>
      <MONTHLYVALUES>
       <YTD_TARGET>.87</YTD_TARGET>
       <YTD_ACTUAL>.98</YTD_ACTUAL>
       <MONTHLY_TARGET>.72</MONTHLY_TARGET>
       <MONTHLY_ACTUAL>1.70</MONTHLY_ACTUAL>
      </MONTHLYVALUES>
    </MONTH>
 </YEAR>
 <YEAR>
  <PERIOD_YEAR>2015</PERIOD_YEAR>
    <MONTH>
     <PERIOD_MONTH>1</PERIOD_MONTH>
      <MONTHLYVALUES>
       <YTD_TARGET>.00</YTD_TARGET>
       <YTD_ACTUAL>.51</YTD_ACTUAL>
       <MONTHLY_TARGET>.00</MONTHLY_TARGET>
       <MONTHLY_ACTUAL>.51</MONTHLY_ACTUAL>
      </MONTHLYVALUES>
    </MONTH>
    <MONTH>
     <PERIOD_MONTH>2</PERIOD_MONTH>
      <MONTHLYVALUES>
       <YTD_TARGET>.00</YTD_TARGET>
       <YTD_ACTUAL>.50</YTD_ACTUAL>
       <MONTHLY_TARGET>.00</MONTHLY_TARGET>
       <MONTHLY_ACTUAL>.49</MONTHLY_ACTUAL>
      </MONTHLYVALUES>
    </MONTH>
    <MONTH>
     <PERIOD_MONTH>3</PERIOD_MONTH>
      <MONTHLYVALUES>
       <YTD_TARGET>.00</YTD_TARGET>
       <YTD_ACTUAL>.63</YTD_ACTUAL>
       <MONTHLY_TARGET>.00</MONTHLY_TARGET>
       <MONTHLY_ACTUAL>.83</MONTHLY_ACTUAL>
      </MONTHLYVALUES>
    </MONTH>
    <MONTH>
     <PERIOD_MONTH>4</PERIOD_MONTH>
      <MONTHLYVALUES>
       <YTD_TARGET>.00</YTD_TARGET>
       <YTD_ACTUAL>.72</YTD_ACTUAL>
       <MONTHLY_TARGET>.00</MONTHLY_TARGET>
       <MONTHLY_ACTUAL>.99</MONTHLY_ACTUAL>
      </MONTHLYVALUES>
    </MONTH>
    <MONTH>
     <PERIOD_MONTH>5</PERIOD_MONTH>
      <MONTHLYVALUES>
       <YTD_TARGET>.00</YTD_TARGET>
       <YTD_ACTUAL>.83</YTD_ACTUAL>
       <MONTHLY_TARGET>.00</MONTHLY_TARGET>
       <MONTHLY_ACTUAL>1.22</MONTHLY_ACTUAL>
      </MONTHLYVALUES>
    </MONTH>
    <MONTH>
     <PERIOD_MONTH>6</PERIOD_MONTH>
      <MONTHLYVALUES>
       <YTD_TARGET>.00</YTD_TARGET>
       <YTD_ACTUAL>.86</YTD_ACTUAL>
       <MONTHLY_TARGET>.00</MONTHLY_TARGET>
       <MONTHLY_ACTUAL>.91</MONTHLY_ACTUAL>
      </MONTHLYVALUES>
    </MONTH>
    <MONTH>
     <PERIOD_MONTH>7</PERIOD_MONTH>
      <MONTHLYVALUES>
       <YTD_TARGET>.00</YTD_TARGET>
       <YTD_ACTUAL>.93</YTD_ACTUAL>
       <MONTHLY_TARGET>.00</MONTHLY_TARGET>
       <MONTHLY_ACTUAL>1.31</MONTHLY_ACTUAL>
      </MONTHLYVALUES>
    </MONTH>
    <MONTH>
     <PERIOD_MONTH>8</PERIOD_MONTH>
      <MONTHLYVALUES>
       <YTD_TARGET>.00</YTD_TARGET>
       <YTD_ACTUAL>.96</YTD_ACTUAL>
       <MONTHLY_TARGET>.00</MONTHLY_TARGET>
       <MONTHLY_ACTUAL>.95</MONTHLY_ACTUAL>
      </MONTHLYVALUES>
    </MONTH>
    <MONTH>
     <PERIOD_MONTH>9</PERIOD_MONTH>
      <MONTHLYVALUES>
       <YTD_TARGET>.00</YTD_TARGET>
       <YTD_ACTUAL>.96</YTD_ACTUAL>
       <MONTHLY_TARGET>.00</MONTHLY_TARGET>
       <MONTHLY_ACTUAL>1.18</MONTHLY_ACTUAL>
      </MONTHLYVALUES>
    </MONTH>
    <MONTH>
     <PERIOD_MONTH>10</PERIOD_MONTH>
      <MONTHLYVALUES>
       <YTD_TARGET>.00</YTD_TARGET>
       <YTD_ACTUAL>.93</YTD_ACTUAL>
       <MONTHLY_TARGET>.00</MONTHLY_TARGET>
       <MONTHLY_ACTUAL>.72</MONTHLY_ACTUAL>
      </MONTHLYVALUES>
    </MONTH>
    <MONTH>
     <PERIOD_MONTH>11</PERIOD_MONTH>
      <MONTHLYVALUES>
       <YTD_TARGET>.00</YTD_TARGET>
       <YTD_ACTUAL>.93</YTD_ACTUAL>
       <MONTHLY_TARGET>.00</MONTHLY_TARGET>
       <MONTHLY_ACTUAL>.95</MONTHLY_ACTUAL>
      </MONTHLYVALUES>
    </MONTH>
    <MONTH>
     <PERIOD_MONTH>12</PERIOD_MONTH>
      <MONTHLYVALUES>
       <YTD_TARGET>.00</YTD_TARGET>
       <YTD_ACTUAL>.95</YTD_ACTUAL>
       <MONTHLY_TARGET>.00</MONTHLY_TARGET>
       <MONTHLY_ACTUAL>1.16</MONTHLY_ACTUAL>
      </MONTHLYVALUES>
    </MONTH>
 </YEAR>
 <YEAR>
  <PERIOD_YEAR>2016</PERIOD_YEAR>
    <MONTH>
     <PERIOD_MONTH>1</PERIOD_MONTH>
      <MONTHLYVALUES>
       <YTD_TARGET>.98</YTD_TARGET>
       <YTD_ACTUAL>.88</YTD_ACTUAL>
       <MONTHLY_TARGET>.98</MONTHLY_TARGET>
       <MONTHLY_ACTUAL>.88</MONTHLY_ACTUAL>
      </MONTHLYVALUES>
    </MONTH>
    <MONTH>
     <PERIOD_MONTH>2</PERIOD_MONTH>
      <MONTHLYVALUES>
       <YTD_TARGET>.98</YTD_TARGET>
       <YTD_ACTUAL>.98</YTD_ACTUAL>
       <MONTHLY_TARGET>.98</MONTHLY_TARGET>
       <MONTHLY_ACTUAL>.58</MONTHLY_ACTUAL>
      </MONTHLYVALUES>
    </MONTH>
    <MONTH>
     <PERIOD_MONTH>3</PERIOD_MONTH>
      <MONTHLYVALUES>
       <YTD_TARGET>.98</YTD_TARGET>
       <YTD_ACTUAL>.89</YTD_ACTUAL>
       <MONTHLY_TARGET>.98</MONTHLY_TARGET>
       <MONTHLY_ACTUAL>1.20</MONTHLY_ACTUAL>
      </MONTHLYVALUES>
    </MONTH>
    <MONTH>
     <PERIOD_MONTH>4</PERIOD_MONTH>
      <MONTHLYVALUES>
       <YTD_TARGET>.98</YTD_TARGET>
       <YTD_ACTUAL>.96</YTD_ACTUAL>
       <MONTHLY_TARGET>.98</MONTHLY_TARGET>
       <MONTHLY_ACTUAL>1.13</MONTHLY_ACTUAL>
      </MONTHLYVALUES>
    </MONTH>
    <MONTH>
     <PERIOD_MONTH>5</PERIOD_MONTH>
      <MONTHLYVALUES>
       <YTD_TARGET>.98</YTD_TARGET>
       <YTD_ACTUAL>1.02</YTD_ACTUAL>
       <MONTHLY_TARGET>.98</MONTHLY_TARGET>
       <MONTHLY_ACTUAL>1.21</MONTHLY_ACTUAL>
      </MONTHLYVALUES>
    </MONTH>
    <MONTH>
     <PERIOD_MONTH>6</PERIOD_MONTH>
      <MONTHLYVALUES>
       <YTD_TARGET>.98</YTD_TARGET>
       <YTD_ACTUAL>1.02</YTD_ACTUAL>
       <MONTHLY_TARGET>.98</MONTHLY_TARGET>
       <MONTHLY_ACTUAL>1.02</MONTHLY_ACTUAL>
      </MONTHLYVALUES>
    </MONTH>
    <MONTH>
     <PERIOD_MONTH>7</PERIOD_MONTH>
      <MONTHLYVALUES>
       <YTD_TARGET>.98</YTD_TARGET>
       <YTD_ACTUAL>1.07</YTD_ACTUAL>
       <MONTHLY_TARGET>.98</MONTHLY_TARGET>
       <MONTHLY_ACTUAL>1.40</MONTHLY_ACTUAL>
      </MONTHLYVALUES>
    </MONTH>
    <MONTH>
     <PERIOD_MONTH>8</PERIOD_MONTH>
      <MONTHLYVALUES>
       <YTD_TARGET>.98</YTD_TARGET>
       <YTD_ACTUAL>1.03</YTD_ACTUAL>
       <MONTHLY_TARGET>.98</MONTHLY_TARGET>
       <MONTHLY_ACTUAL>.75</MONTHLY_ACTUAL>
      </MONTHLYVALUES>
    </MONTH>
    <MONTH>
     <PERIOD_MONTH>9</PERIOD_MONTH>
      <MONTHLYVALUES>
       <YTD_TARGET>.98</YTD_TARGET>
       <YTD_ACTUAL>1.03</YTD_ACTUAL>
       <MONTHLY_TARGET>.98</MONTHLY_TARGET>
       <MONTHLY_ACTUAL>.91</MONTHLY_ACTUAL>
      </MONTHLYVALUES>
    </MONTH>
    <MONTH>
     <PERIOD_MONTH>10</PERIOD_MONTH>
      <MONTHLYVALUES>
       <YTD_TARGET>.98</YTD_TARGET>
       <YTD_ACTUAL>1.06</YTD_ACTUAL>
       <MONTHLY_TARGET>.98</MONTHLY_TARGET>
       <MONTHLY_ACTUAL>1.36</MONTHLY_ACTUAL>
      </MONTHLYVALUES>
    </MONTH>
    <MONTH>
     <PERIOD_MONTH>11</PERIOD_MONTH>
      <MONTHLYVALUES>
       <YTD_TARGET>.98</YTD_TARGET>
       <YTD_ACTUAL>1.08</YTD_ACTUAL>
       <MONTHLY_TARGET>.98</MONTHLY_TARGET>
       <MONTHLY_ACTUAL>1.29</MONTHLY_ACTUAL>
      </MONTHLYVALUES>
    </MONTH>
    <MONTH>
     <PERIOD_MONTH>12</PERIOD_MONTH>
      <MONTHLYVALUES>
       <YTD_TARGET>.98</YTD_TARGET>
       <YTD_ACTUAL>1.07</YTD_ACTUAL>
       <MONTHLY_TARGET>.98</MONTHLY_TARGET>
       <MONTHLY_ACTUAL>.97</MONTHLY_ACTUAL>
      </MONTHLYVALUES>
    </MONTH>
 </YEAR>
 <YEAR>
  <PERIOD_YEAR>2017</PERIOD_YEAR>
    <MONTH>
     <PERIOD_MONTH>1</PERIOD_MONTH>
      <MONTHLYVALUES>
       <YTD_TARGET>1.01</YTD_TARGET>
       <YTD_ACTUAL>1.32</YTD_ACTUAL>
       <MONTHLY_TARGET>1.01</MONTHLY_TARGET>
       <MONTHLY_ACTUAL>1.32</MONTHLY_ACTUAL>
      </MONTHLYVALUES>
    </MONTH>
    <MONTH>
     <PERIOD_MONTH>2</PERIOD_MONTH>
      <MONTHLYVALUES>
       <YTD_TARGET>1.01</YTD_TARGET>
       <YTD_ACTUAL>1.13</YTD_ACTUAL>
       <MONTHLY_TARGET>1.01</MONTHLY_TARGET>
       <MONTHLY_ACTUAL>1.00</MONTHLY_ACTUAL>
      </MONTHLYVALUES>
    </MONTH>
    <MONTH>
     <PERIOD_MONTH>3</PERIOD_MONTH>
      <MONTHLYVALUES>
       <YTD_TARGET>1.02</YTD_TARGET>
       <YTD_ACTUAL>1.23</YTD_ACTUAL>
       <MONTHLY_TARGET>1.02</MONTHLY_TARGET>
       <MONTHLY_ACTUAL>1.00</MONTHLY_ACTUAL>
      </MONTHLYVALUES>
    </MONTH>
 </YEAR>
 </INDICATOR>
 <INDICATOR>
 <INDICATOR_SEQ>74040</INDICATOR_SEQ>
 <PARENT_SEQ></PARENT_SEQ>
 <AGENCY_NAME>Bridges and Tunnels</AGENCY_NAME>
 <INDICATOR_NAME>Employee Lost Time Rate</INDICATOR_NAME>
 <DESCRIPTION>An employee lost time injury or illness is one that prevents an employee from returning to work for at least one full shift.  The rate is injuries and illnesses per 200,000 worker hours.</DESCRIPTION>
 <CATEGORY>Safety Indicators</CATEGORY>
 <FREQUENCY>M</FREQUENCY>
 <DESIRED_CHANGE>D</DESIRED_CHANGE>
 <INDICATOR_UNIT>-</INDICATOR_UNIT>
 <DECIMAL_PLACES>2</DECIMAL_PLACES>
 <YEAR>
  <PERIOD_YEAR>2008</PERIOD_YEAR>
    <MONTH>
     <PERIOD_MONTH>1</PERIOD_MONTH>
      <MONTHLYVALUES>
       <YTD_TARGET>.00</YTD_TARGET>
       <YTD_ACTUAL>.60</YTD_ACTUAL>
       <MONTHLY_TARGET>.00</MONTHLY_TARGET>
       <MONTHLY_ACTUAL>.60</MONTHLY_ACTUAL>
      </MONTHLYVALUES>
    </MONTH>
    <MONTH>
     <PERIOD_MONTH>2</PERIOD_MONTH>
      <MONTHLYVALUES>
       <YTD_TARGET>.00</YTD_TARGET>
       <YTD_ACTUAL>1.30</YTD_ACTUAL>
       <MONTHLY_TARGET>.00</MONTHLY_TARGET>
       <MONTHLY_ACTUAL>2.00</MONTHLY_ACTUAL>
      </MONTHLYVALUES>
    </MONTH>
    <MONTH>
     <PERIOD_MONTH>3</PERIOD_MONTH>
      <MONTHLYVALUES>
       <YTD_TARGET>.00</YTD_TARGET>
       <YTD_ACTUAL>1.30</YTD_ACTUAL>
       <MONTHLY_TARGET>.00</MONTHLY_TARGET>
       <MONTHLY_ACTUAL>1.30</MONTHLY_ACTUAL>
      </MONTHLYVALUES>
    </MONTH>
    <MONTH>
     <PERIOD_MONTH>4</PERIOD_MONTH>
      <MONTHLYVALUES>
       <YTD_TARGET>.00</YTD_TARGET>
       <YTD_ACTUAL>2.10</YTD_ACTUAL>
       <MONTHLY_TARGET>.00</MONTHLY_TARGET>
       <MONTHLY_ACTUAL>4.30</MONTHLY_ACTUAL>
      </MONTHLYVALUES>
    </MONTH>
    <MONTH>
     <PERIOD_MONTH>5</PERIOD_MONTH>
      <MONTHLYVALUES>
       <YTD_TARGET>.00</YTD_TARGET>
       <YTD_ACTUAL>2.30</YTD_ACTUAL>
       <MONTHLY_TARGET>.00</MONTHLY_TARGET>
       <MONTHLY_ACTUAL>3.20</MONTHLY_ACTUAL>
      </MONTHLYVALUES>
    </MONTH>
    <MONTH>
     <PERIOD_MONTH>6</PERIOD_MONTH>
      <MONTHLYVALUES>
       <YTD_TARGET>.00</YTD_TARGET>
       <YTD_ACTUAL>2.20</YTD_ACTUAL>
       <MONTHLY_TARGET>.00</MONTHLY_TARGET>
       <MONTHLY_ACTUAL>1.90</MONTHLY_ACTUAL>
      </MONTHLYVALUES>
    </MONTH>
    <MONTH>
     <PERIOD_MONTH>7</PERIOD_MONTH>
      <MONTHLYVALUES>
       <YTD_TARGET>.00</YTD_TARGET>
       <YTD_ACTUAL>2.40</YTD_ACTUAL>
       <MONTHLY_TARGET>.00</MONTHLY_TARGET>
       <MONTHLY_ACTUAL>3.70</MONTHLY_ACTUAL>
      </MONTHLYVALUES>
    </MONTH>
    <MONTH>
     <PERIOD_MONTH>8</PERIOD_MONTH>
      <MONTHLYVALUES>
       <YTD_TARGET>.00</YTD_TARGET>
       <YTD_ACTUAL>2.20</YTD_ACTUAL>
       <MONTHLY_TARGET>.00</MONTHLY_TARGET>
       <MONTHLY_ACTUAL>.60</MONTHLY_ACTUAL>
      </MONTHLYVALUES>
    </MONTH>
    <MONTH>
     <PERIOD_MONTH>9</PERIOD_MONTH>
      <MONTHLYVALUES>
       <YTD_TARGET>.00</YTD_TARGET>
       <YTD_ACTUAL>2.40</YTD_ACTUAL>
       <MONTHLY_TARGET>.00</MONTHLY_TARGET>
       <MONTHLY_ACTUAL>3.80</MONTHLY_ACTUAL>
      </MONTHLYVALUES>
    </MONTH>
    <MONTH>
     <PERIOD_MONTH>10</PERIOD_MONTH>
      <MONTHLYVALUES>
       <YTD_TARGET>.00</YTD_TARGET>
       <YTD_ACTUAL>2.40</YTD_ACTUAL>
       <MONTHLY_TARGET>.00</MONTHLY_TARGET>
       <MONTHLY_ACTUAL>2.40</MONTHLY_ACTUAL>
      </MONTHLYVALUES>
    </MONTH>
    <MONTH>
     <PERIOD_MONTH>11</PERIOD_MONTH>
      <MONTHLYVALUES>
       <YTD_TARGET>.00</YTD_TARGET>
       <YTD_ACTUAL>2.40</YTD_ACTUAL>
       <MONTHLY_TARGET>.00</MONTHLY_TARGET>
       <MONTHLY_ACTUAL>2.80</MONTHLY_ACTUAL>
      </MONTHLYVALUES>
    </MONTH>
    <MONTH>
     <PERIOD_MONTH>12</PERIOD_MONTH>
      <MONTHLYVALUES>
       <YTD_TARGET>.00</YTD_TARGET>
       <YTD_ACTUAL>2.90</YTD_ACTUAL>
       <MONTHLY_TARGET>.00</MONTHLY_TARGET>
       <MONTHLY_ACTUAL>8.30</MONTHLY_ACTUAL>
      </MONTHLYVALUES>
    </MONTH>
 </YEAR>
 <YEAR>
  <PERIOD_YEAR>2009</PERIOD_YEAR>
    <MONTH>
     <PERIOD_MONTH>1</PERIOD_MONTH>
      <MONTHLYVALUES>
       <YTD_TARGET>2.80</YTD_TARGET>
       <YTD_ACTUAL>.60</YTD_ACTUAL>
       <MONTHLY_TARGET>2.80</MONTHLY_TARGET>
       <MONTHLY_ACTUAL>.60</MONTHLY_ACTUAL>
      </MONTHLYVALUES>
    </MONTH>
    <MONTH>
     <PERIOD_MONTH>2</PERIOD_MONTH>
      <MONTHLYVALUES>
       <YTD_TARGET>2.80</YTD_TARGET>
       <YTD_ACTUAL>1.00</YTD_ACTUAL>
       <MONTHLY_TARGET>2.80</MONTHLY_TARGET>
       <MONTHLY_ACTUAL>1.40</MONTHLY_ACTUAL>
      </MONTHLYVALUES>
    </MONTH>
    <MONTH>
     <PERIOD_MONTH>3</PERIOD_MONTH>
      <MONTHLYVALUES>
       <YTD_TARGET>2.80</YTD_TARGET>
       <YTD_ACTUAL>1.70</YTD_ACTUAL>
       <MONTHLY_TARGET>2.80</MONTHLY_TARGET>
       <MONTHLY_ACTUAL>3.10</MONTHLY_ACTUAL>
      </MONTHLYVALUES>
    </MONTH>
    <MONTH>
     <PERIOD_MONTH>4</PERIOD_MONTH>
      <MONTHLYVALUES>
       <YTD_TARGET>2.80</YTD_TARGET>
       <YTD_ACTUAL>1.80</YTD_ACTUAL>
       <MONTHLY_TARGET>2.80</MONTHLY_TARGET>
       <MONTHLY_ACTUAL>1.90</MONTHLY_ACTUAL>
      </MONTHLYVALUES>
    </MONTH>
    <MONTH>
     <PERIOD_MONTH>5</PERIOD_MONTH>
      <MONTHLYVALUES>
       <YTD_TARGET>2.80</YTD_TARGET>
       <YTD_ACTUAL>1.80</YTD_ACTUAL>
       <MONTHLY_TARGET>2.80</MONTHLY_TARGET>
       <MONTHLY_ACTUAL>2.00</MONTHLY_ACTUAL>
      </MONTHLYVALUES>
    </MONTH>
    <MONTH>
     <PERIOD_MONTH>6</PERIOD_MONTH>
      <MONTHLYVALUES>
       <YTD_TARGET>2.80</YTD_TARGET>
       <YTD_ACTUAL>1.80</YTD_ACTUAL>
       <MONTHLY_TARGET>2.80</MONTHLY_TARGET>
       <MONTHLY_ACTUAL>1.90</MONTHLY_ACTUAL>
      </MONTHLYVALUES>
    </MONTH>
    <MONTH>
     <PERIOD_MONTH>7</PERIOD_MONTH>
      <MONTHLYVALUES>
       <YTD_TARGET>2.80</YTD_TARGET>
       <YTD_ACTUAL>2.10</YTD_ACTUAL>
       <MONTHLY_TARGET>2.80</MONTHLY_TARGET>
       <MONTHLY_ACTUAL>3.80</MONTHLY_ACTUAL>
      </MONTHLYVALUES>
    </MONTH>
    <MONTH>
     <PERIOD_MONTH>8</PERIOD_MONTH>
      <MONTHLYVALUES>
       <YTD_TARGET>2.80</YTD_TARGET>
       <YTD_ACTUAL>2.40</YTD_ACTUAL>
       <MONTHLY_TARGET>2.80</MONTHLY_TARGET>
       <MONTHLY_ACTUAL>4.00</MONTHLY_ACTUAL>
      </MONTHLYVALUES>
    </MONTH>
    <MONTH>
     <PERIOD_MONTH>9</PERIOD_MONTH>
      <MONTHLYVALUES>
       <YTD_TARGET>2.80</YTD_TARGET>
       <YTD_ACTUAL>2.60</YTD_ACTUAL>
       <MONTHLY_TARGET>2.80</MONTHLY_TARGET>
       <MONTHLY_ACTUAL>4.60</MONTHLY_ACTUAL>
      </MONTHLYVALUES>
    </MONTH>
    <MONTH>
     <PERIOD_MONTH>10</PERIOD_MONTH>
      <MONTHLYVALUES>
       <YTD_TARGET>2.80</YTD_TARGET>
       <YTD_ACTUAL>2.50</YTD_ACTUAL>
       <MONTHLY_TARGET>2.80</MONTHLY_TARGET>
       <MONTHLY_ACTUAL>1.30</MONTHLY_ACTUAL>
      </MONTHLYVALUES>
    </MONTH>
    <MONTH>
     <PERIOD_MONTH>11</PERIOD_MONTH>
      <MONTHLYVALUES>
       <YTD_TARGET>2.80</YTD_TARGET>
       <YTD_ACTUAL>2.40</YTD_ACTUAL>
       <MONTHLY_TARGET>2.80</MONTHLY_TARGET>
       <MONTHLY_ACTUAL>1.40</MONTHLY_ACTUAL>
      </MONTHLYVALUES>
    </MONTH>
    <MONTH>
     <PERIOD_MONTH>12</PERIOD_MONTH>
      <MONTHLYVALUES>
       <YTD_TARGET>2.80</YTD_TARGET>
       <YTD_ACTUAL>2.60</YTD_ACTUAL>
       <MONTHLY_TARGET>2.80</MONTHLY_TARGET>
       <MONTHLY_ACTUAL>4.50</MONTHLY_ACTUAL>
      </MONTHLYVALUES>
    </MONTH>
 </YEAR>
 <YEAR>
  <PERIOD_YEAR>2010</PERIOD_YEAR>
    <MONTH>
     <PERIOD_MONTH>1</PERIOD_MONTH>
      <MONTHLYVALUES>
       <YTD_TARGET>2.70</YTD_TARGET>
       <YTD_ACTUAL>6.10</YTD_ACTUAL>
       <MONTHLY_TARGET>2.70</MONTHLY_TARGET>
       <MONTHLY_ACTUAL>6.10</MONTHLY_ACTUAL>
      </MONTHLYVALUES>
    </MONTH>
    <MONTH>
     <PERIOD_MONTH>2</PERIOD_MONTH>
      <MONTHLYVALUES>
       <YTD_TARGET>2.70</YTD_TARGET>
       <YTD_ACTUAL>6.00</YTD_ACTUAL>
       <MONTHLY_TARGET>2.70</MONTHLY_TARGET>
       <MONTHLY_ACTUAL>5.90</MONTHLY_ACTUAL>
      </MONTHLYVALUES>
    </MONTH>
    <MONTH>
     <PERIOD_MONTH>3</PERIOD_MONTH>
      <MONTHLYVALUES>
       <YTD_TARGET>2.70</YTD_TARGET>
       <YTD_ACTUAL>6.50</YTD_ACTUAL>
       <MONTHLY_TARGET>2.70</MONTHLY_TARGET>
       <MONTHLY_ACTUAL>7.60</MONTHLY_ACTUAL>
      </MONTHLYVALUES>
    </MONTH>
    <MONTH>
     <PERIOD_MONTH>4</PERIOD_MONTH>
      <MONTHLYVALUES>
       <YTD_TARGET>2.70</YTD_TARGET>
       <YTD_ACTUAL>7.00</YTD_ACTUAL>
       <MONTHLY_TARGET>2.70</MONTHLY_TARGET>
       <MONTHLY_ACTUAL>8.30</MONTHLY_ACTUAL>
      </MONTHLYVALUES>
    </MONTH>
    <MONTH>
     <PERIOD_MONTH>5</PERIOD_MONTH>
      <MONTHLYVALUES>
       <YTD_TARGET>2.70</YTD_TARGET>
       <YTD_ACTUAL>6.30</YTD_ACTUAL>
       <MONTHLY_TARGET>2.70</MONTHLY_TARGET>
       <MONTHLY_ACTUAL>3.60</MONTHLY_ACTUAL>
      </MONTHLYVALUES>
    </MONTH>
    <MONTH>
     <PERIOD_MONTH>6</PERIOD_MONTH>
      <MONTHLYVALUES>
       <YTD_TARGET>2.70</YTD_TARGET>
       <YTD_ACTUAL>6.30</YTD_ACTUAL>
       <MONTHLY_TARGET>2.70</MONTHLY_TARGET>
       <MONTHLY_ACTUAL>6.20</MONTHLY_ACTUAL>
      </MONTHLYVALUES>
    </MONTH>
    <MONTH>
     <PERIOD_MONTH>7</PERIOD_MONTH>
      <MONTHLYVALUES>
       <YTD_TARGET>2.70</YTD_TARGET>
       <YTD_ACTUAL>6.20</YTD_ACTUAL>
       <MONTHLY_TARGET>2.70</MONTHLY_TARGET>
       <MONTHLY_ACTUAL>5.80</MONTHLY_ACTUAL>
      </MONTHLYVALUES>
    </MONTH>
    <MONTH>
     <PERIOD_MONTH>8</PERIOD_MONTH>
      <MONTHLYVALUES>
       <YTD_TARGET>2.70</YTD_TARGET>
       <YTD_ACTUAL>5.80</YTD_ACTUAL>
       <MONTHLY_TARGET>2.70</MONTHLY_TARGET>
       <MONTHLY_ACTUAL>2.90</MONTHLY_ACTUAL>
      </MONTHLYVALUES>
    </MONTH>
    <MONTH>
     <PERIOD_MONTH>9</PERIOD_MONTH>
      <MONTHLYVALUES>
       <YTD_TARGET>2.70</YTD_TARGET>
       <YTD_ACTUAL>5.60</YTD_ACTUAL>
       <MONTHLY_TARGET>2.70</MONTHLY_TARGET>
       <MONTHLY_ACTUAL>3.60</MONTHLY_ACTUAL>
      </MONTHLYVALUES>
    </MONTH>
    <MONTH>
     <PERIOD_MONTH>10</PERIOD_MONTH>
      <MONTHLYVALUES>
       <YTD_TARGET>2.70</YTD_TARGET>
       <YTD_ACTUAL>5.60</YTD_ACTUAL>
       <MONTHLY_TARGET>2.70</MONTHLY_TARGET>
       <MONTHLY_ACTUAL>5.20</MONTHLY_ACTUAL>
      </MONTHLYVALUES>
    </MONTH>
    <MONTH>
     <PERIOD_MONTH>11</PERIOD_MONTH>
      <MONTHLYVALUES>
       <YTD_TARGET>2.70</YTD_TARGET>
       <YTD_ACTUAL>5.50</YTD_ACTUAL>
       <MONTHLY_TARGET>2.70</MONTHLY_TARGET>
       <MONTHLY_ACTUAL>4.80</MONTHLY_ACTUAL>
      </MONTHLYVALUES>
    </MONTH>
    <MONTH>
     <PERIOD_MONTH>12</PERIOD_MONTH>
      <MONTHLYVALUES>
       <YTD_TARGET>2.70</YTD_TARGET>
       <YTD_ACTUAL>5.70</YTD_ACTUAL>
       <MONTHLY_TARGET>2.70</MONTHLY_TARGET>
       <MONTHLY_ACTUAL>6.70</MONTHLY_ACTUAL>
      </MONTHLYVALUES>
    </MONTH>
 </YEAR>
 <YEAR>
  <PERIOD_YEAR>2011</PERIOD_YEAR>
    <MONTH>
     <PERIOD_MONTH>1</PERIOD_MONTH>
      <MONTHLYVALUES>
       <YTD_TARGET>4.10</YTD_TARGET>
       <YTD_ACTUAL>8.80</YTD_ACTUAL>
       <MONTHLY_TARGET>4.10</MONTHLY_TARGET>
       <MONTHLY_ACTUAL>8.80</MONTHLY_ACTUAL>
      </MONTHLYVALUES>
    </MONTH>
    <MONTH>
     <PERIOD_MONTH>2</PERIOD_MONTH>
      <MONTHLYVALUES>
       <YTD_TARGET>4.10</YTD_TARGET>
       <YTD_ACTUAL>6.90</YTD_ACTUAL>
       <MONTHLY_TARGET>4.10</MONTHLY_TARGET>
       <MONTHLY_ACTUAL>5.00</MONTHLY_ACTUAL>
      </MONTHLYVALUES>
    </MONTH>
    <MONTH>
     <PERIOD_MONTH>3</PERIOD_MONTH>
      <MONTHLYVALUES>
       <YTD_TARGET>4.10</YTD_TARGET>
       <YTD_ACTUAL>5.20</YTD_ACTUAL>
       <MONTHLY_TARGET>4.10</MONTHLY_TARGET>
       <MONTHLY_ACTUAL>2.10</MONTHLY_ACTUAL>
      </MONTHLYVALUES>
    </MONTH>
    <MONTH>
     <PERIOD_MONTH>4</PERIOD_MONTH>
      <MONTHLYVALUES>
       <YTD_TARGET>4.10</YTD_TARGET>
       <YTD_ACTUAL>5.30</YTD_ACTUAL>
       <MONTHLY_TARGET>4.10</MONTHLY_TARGET>
       <MONTHLY_ACTUAL>5.40</MONTHLY_ACTUAL>
      </MONTHLYVALUES>
    </MONTH>
    <MONTH>
     <PERIOD_MONTH>5</PERIOD_MONTH>
      <MONTHLYVALUES>
       <YTD_TARGET>4.10</YTD_TARGET>
       <YTD_ACTUAL>5.70</YTD_ACTUAL>
       <MONTHLY_TARGET>4.10</MONTHLY_TARGET>
       <MONTHLY_ACTUAL>7.20</MONTHLY_ACTUAL>
      </MONTHLYVALUES>
    </MONTH>
    <MONTH>
     <PERIOD_MONTH>6</PERIOD_MONTH>
      <MONTHLYVALUES>
       <YTD_TARGET>4.10</YTD_TARGET>
       <YTD_ACTUAL>5.60</YTD_ACTUAL>
       <MONTHLY_TARGET>4.10</MONTHLY_TARGET>
       <MONTHLY_ACTUAL>5.10</MONTHLY_ACTUAL>
      </MONTHLYVALUES>
    </MONTH>
    <MONTH>
     <PERIOD_MONTH>7</PERIOD_MONTH>
      <MONTHLYVALUES>
       <YTD_TARGET>4.10</YTD_TARGET>
       <YTD_ACTUAL>5.40</YTD_ACTUAL>
       <MONTHLY_TARGET>4.10</MONTHLY_TARGET>
       <MONTHLY_ACTUAL>4.60</MONTHLY_ACTUAL>
      </MONTHLYVALUES>
    </MONTH>
    <MONTH>
     <PERIOD_MONTH>8</PERIOD_MONTH>
      <MONTHLYVALUES>
       <YTD_TARGET>4.10</YTD_TARGET>
       <YTD_ACTUAL>5.90</YTD_ACTUAL>
       <MONTHLY_TARGET>4.10</MONTHLY_TARGET>
       <MONTHLY_ACTUAL>7.90</MONTHLY_ACTUAL>
      </MONTHLYVALUES>
    </MONTH>
    <MONTH>
     <PERIOD_MONTH>9</PERIOD_MONTH>
      <MONTHLYVALUES>
       <YTD_TARGET>4.10</YTD_TARGET>
       <YTD_ACTUAL>5.80</YTD_ACTUAL>
       <MONTHLY_TARGET>4.10</MONTHLY_TARGET>
       <MONTHLY_ACTUAL>4.50</MONTHLY_ACTUAL>
      </MONTHLYVALUES>
    </MONTH>
    <MONTH>
     <PERIOD_MONTH>10</PERIOD_MONTH>
      <MONTHLYVALUES>
       <YTD_TARGET>4.10</YTD_TARGET>
       <YTD_ACTUAL>5.40</YTD_ACTUAL>
       <MONTHLY_TARGET>4.10</MONTHLY_TARGET>
       <MONTHLY_ACTUAL>1.50</MONTHLY_ACTUAL>
      </MONTHLYVALUES>
    </MONTH>
    <MONTH>
     <PERIOD_MONTH>11</PERIOD_MONTH>
      <MONTHLYVALUES>
       <YTD_TARGET>4.10</YTD_TARGET>
       <YTD_ACTUAL>5.30</YTD_ACTUAL>
       <MONTHLY_TARGET>4.10</MONTHLY_TARGET>
       <MONTHLY_ACTUAL>3.90</MONTHLY_ACTUAL>
      </MONTHLYVALUES>
    </MONTH>
    <MONTH>
     <PERIOD_MONTH>12</PERIOD_MONTH>
      <MONTHLYVALUES>
       <YTD_TARGET>4.10</YTD_TARGET>
       <YTD_ACTUAL>5.40</YTD_ACTUAL>
       <MONTHLY_TARGET>4.10</MONTHLY_TARGET>
       <MONTHLY_ACTUAL>5.30</MONTHLY_ACTUAL>
      </MONTHLYVALUES>
    </MONTH>
 </YEAR>
 <YEAR>
  <PERIOD_YEAR>2012</PERIOD_YEAR>
    <MONTH>
     <PERIOD_MONTH>1</PERIOD_MONTH>
      <MONTHLYVALUES>
       <YTD_TARGET>5.00</YTD_TARGET>
       <YTD_ACTUAL>3.00</YTD_ACTUAL>
       <MONTHLY_TARGET>5.00</MONTHLY_TARGET>
       <MONTHLY_ACTUAL>3.00</MONTHLY_ACTUAL>
      </MONTHLYVALUES>
    </MONTH>
    <MONTH>
     <PERIOD_MONTH>2</PERIOD_MONTH>
      <MONTHLYVALUES>
       <YTD_TARGET>5.00</YTD_TARGET>
       <YTD_ACTUAL>2.30</YTD_ACTUAL>
       <MONTHLY_TARGET>5.00</MONTHLY_TARGET>
       <MONTHLY_ACTUAL>1.60</MONTHLY_ACTUAL>
      </MONTHLYVALUES>
    </MONTH>
    <MONTH>
     <PERIOD_MONTH>3</PERIOD_MONTH>
      <MONTHLYVALUES>
       <YTD_TARGET>5.00</YTD_TARGET>
       <YTD_ACTUAL>3.40</YTD_ACTUAL>
       <MONTHLY_TARGET>5.00</MONTHLY_TARGET>
       <MONTHLY_ACTUAL>5.70</MONTHLY_ACTUAL>
      </MONTHLYVALUES>
    </MONTH>
    <MONTH>
     <PERIOD_MONTH>4</PERIOD_MONTH>
      <MONTHLYVALUES>
       <YTD_TARGET>5.00</YTD_TARGET>
       <YTD_ACTUAL>3.70</YTD_ACTUAL>
       <MONTHLY_TARGET>5.00</MONTHLY_TARGET>
       <MONTHLY_ACTUAL>4.50</MONTHLY_ACTUAL>
      </MONTHLYVALUES>
    </MONTH>
    <MONTH>
     <PERIOD_MONTH>5</PERIOD_MONTH>
      <MONTHLYVALUES>
       <YTD_TARGET>5.00</YTD_TARGET>
       <YTD_ACTUAL>3.70</YTD_ACTUAL>
       <MONTHLY_TARGET>5.00</MONTHLY_TARGET>
       <MONTHLY_ACTUAL>3.50</MONTHLY_ACTUAL>
      </MONTHLYVALUES>
    </MONTH>
    <MONTH>
     <PERIOD_MONTH>6</PERIOD_MONTH>
      <MONTHLYVALUES>
       <YTD_TARGET>5.00</YTD_TARGET>
       <YTD_ACTUAL>3.60</YTD_ACTUAL>
       <MONTHLY_TARGET>5.00</MONTHLY_TARGET>
       <MONTHLY_ACTUAL>3.00</MONTHLY_ACTUAL>
      </MONTHLYVALUES>
    </MONTH>
    <MONTH>
     <PERIOD_MONTH>7</PERIOD_MONTH>
      <MONTHLYVALUES>
       <YTD_TARGET>5.00</YTD_TARGET>
       <YTD_ACTUAL>4.30</YTD_ACTUAL>
       <MONTHLY_TARGET>5.00</MONTHLY_TARGET>
       <MONTHLY_ACTUAL>9.70</MONTHLY_ACTUAL>
      </MONTHLYVALUES>
    </MONTH>
    <MONTH>
     <PERIOD_MONTH>8</PERIOD_MONTH>
      <MONTHLYVALUES>
       <YTD_TARGET>5.00</YTD_TARGET>
       <YTD_ACTUAL>4.20</YTD_ACTUAL>
       <MONTHLY_TARGET>5.00</MONTHLY_TARGET>
       <MONTHLY_ACTUAL>4.30</MONTHLY_ACTUAL>
      </MONTHLYVALUES>
    </MONTH>
    <MONTH>
     <PERIOD_MONTH>9</PERIOD_MONTH>
      <MONTHLYVALUES>
       <YTD_TARGET>5.00</YTD_TARGET>
       <YTD_ACTUAL>4.30</YTD_ACTUAL>
       <MONTHLY_TARGET>5.00</MONTHLY_TARGET>
       <MONTHLY_ACTUAL>3.80</MONTHLY_ACTUAL>
      </MONTHLYVALUES>
    </MONTH>
    <MONTH>
     <PERIOD_MONTH>10</PERIOD_MONTH>
      <MONTHLYVALUES>
       <YTD_TARGET>5.00</YTD_TARGET>
       <YTD_ACTUAL>4.20</YTD_ACTUAL>
       <MONTHLY_TARGET>5.00</MONTHLY_TARGET>
       <MONTHLY_ACTUAL>2.80</MONTHLY_ACTUAL>
      </MONTHLYVALUES>
    </MONTH>
    <MONTH>
     <PERIOD_MONTH>11</PERIOD_MONTH>
      <MONTHLYVALUES>
       <YTD_TARGET>5.00</YTD_TARGET>
       <YTD_ACTUAL>4.20</YTD_ACTUAL>
       <MONTHLY_TARGET>5.00</MONTHLY_TARGET>
       <MONTHLY_ACTUAL>4.50</MONTHLY_ACTUAL>
      </MONTHLYVALUES>
    </MONTH>
    <MONTH>
     <PERIOD_MONTH>12</PERIOD_MONTH>
      <MONTHLYVALUES>
       <YTD_TARGET>5.00</YTD_TARGET>
       <YTD_ACTUAL>4.30</YTD_ACTUAL>
       <MONTHLY_TARGET>5.00</MONTHLY_TARGET>
       <MONTHLY_ACTUAL>4.80</MONTHLY_ACTUAL>
      </MONTHLYVALUES>
    </MONTH>
 </YEAR>
 <YEAR>
  <PERIOD_YEAR>2013</PERIOD_YEAR>
    <MONTH>
     <PERIOD_MONTH>1</PERIOD_MONTH>
      <MONTHLYVALUES>
       <YTD_TARGET>4.10</YTD_TARGET>
       <YTD_ACTUAL>3.20</YTD_ACTUAL>
       <MONTHLY_TARGET>4.10</MONTHLY_TARGET>
       <MONTHLY_ACTUAL>3.20</MONTHLY_ACTUAL>
      </MONTHLYVALUES>
    </MONTH>
    <MONTH>
     <PERIOD_MONTH>2</PERIOD_MONTH>
      <MONTHLYVALUES>
       <YTD_TARGET>4.10</YTD_TARGET>
       <YTD_ACTUAL>4.20</YTD_ACTUAL>
       <MONTHLY_TARGET>4.10</MONTHLY_TARGET>
       <MONTHLY_ACTUAL>5.20</MONTHLY_ACTUAL>
      </MONTHLYVALUES>
    </MONTH>
    <MONTH>
     <PERIOD_MONTH>3</PERIOD_MONTH>
      <MONTHLYVALUES>
       <YTD_TARGET>4.10</YTD_TARGET>
       <YTD_ACTUAL>4.10</YTD_ACTUAL>
       <MONTHLY_TARGET>4.10</MONTHLY_TARGET>
       <MONTHLY_ACTUAL>4.10</MONTHLY_ACTUAL>
      </MONTHLYVALUES>
    </MONTH>
    <MONTH>
     <PERIOD_MONTH>4</PERIOD_MONTH>
      <MONTHLYVALUES>
       <YTD_TARGET>4.10</YTD_TARGET>
       <YTD_ACTUAL>4.30</YTD_ACTUAL>
       <MONTHLY_TARGET>4.10</MONTHLY_TARGET>
       <MONTHLY_ACTUAL>4.60</MONTHLY_ACTUAL>
      </MONTHLYVALUES>
    </MONTH>
    <MONTH>
     <PERIOD_MONTH>5</PERIOD_MONTH>
      <MONTHLYVALUES>
       <YTD_TARGET>4.10</YTD_TARGET>
       <YTD_ACTUAL>4.00</YTD_ACTUAL>
       <MONTHLY_TARGET>4.10</MONTHLY_TARGET>
       <MONTHLY_ACTUAL>3.10</MONTHLY_ACTUAL>
      </MONTHLYVALUES>
    </MONTH>
    <MONTH>
     <PERIOD_MONTH>6</PERIOD_MONTH>
      <MONTHLYVALUES>
       <YTD_TARGET>4.10</YTD_TARGET>
       <YTD_ACTUAL>4.40</YTD_ACTUAL>
       <MONTHLY_TARGET>4.10</MONTHLY_TARGET>
       <MONTHLY_ACTUAL>6.40</MONTHLY_ACTUAL>
      </MONTHLYVALUES>
    </MONTH>
    <MONTH>
     <PERIOD_MONTH>7</PERIOD_MONTH>
      <MONTHLYVALUES>
       <YTD_TARGET>4.10</YTD_TARGET>
       <YTD_ACTUAL>5.00</YTD_ACTUAL>
       <MONTHLY_TARGET>4.10</MONTHLY_TARGET>
       <MONTHLY_ACTUAL>8.40</MONTHLY_ACTUAL>
      </MONTHLYVALUES>
    </MONTH>
    <MONTH>
     <PERIOD_MONTH>8</PERIOD_MONTH>
      <MONTHLYVALUES>
       <YTD_TARGET>4.10</YTD_TARGET>
       <YTD_ACTUAL>5.50</YTD_ACTUAL>
       <MONTHLY_TARGET>4.10</MONTHLY_TARGET>
       <MONTHLY_ACTUAL>8.70</MONTHLY_ACTUAL>
      </MONTHLYVALUES>
    </MONTH>
    <MONTH>
     <PERIOD_MONTH>9</PERIOD_MONTH>
      <MONTHLYVALUES>
       <YTD_TARGET>4.10</YTD_TARGET>
       <YTD_ACTUAL>5.80</YTD_ACTUAL>
       <MONTHLY_TARGET>4.10</MONTHLY_TARGET>
       <MONTHLY_ACTUAL>8.90</MONTHLY_ACTUAL>
      </MONTHLYVALUES>
    </MONTH>
    <MONTH>
     <PERIOD_MONTH>10</PERIOD_MONTH>
      <MONTHLYVALUES>
       <YTD_TARGET>4.10</YTD_TARGET>
       <YTD_ACTUAL>6.00</YTD_ACTUAL>
       <MONTHLY_TARGET>4.10</MONTHLY_TARGET>
       <MONTHLY_ACTUAL>7.50</MONTHLY_ACTUAL>
      </MONTHLYVALUES>
    </MONTH>
    <MONTH>
     <PERIOD_MONTH>11</PERIOD_MONTH>
      <MONTHLYVALUES>
       <YTD_TARGET>4.10</YTD_TARGET>
       <YTD_ACTUAL>5.70</YTD_ACTUAL>
       <MONTHLY_TARGET>4.10</MONTHLY_TARGET>
       <MONTHLY_ACTUAL>1.70</MONTHLY_ACTUAL>
      </MONTHLYVALUES>
    </MONTH>
    <MONTH>
     <PERIOD_MONTH>12</PERIOD_MONTH>
      <MONTHLYVALUES>
       <YTD_TARGET>4.10</YTD_TARGET>
       <YTD_ACTUAL>6.00</YTD_ACTUAL>
       <MONTHLY_TARGET>4.10</MONTHLY_TARGET>
       <MONTHLY_ACTUAL>9.60</MONTHLY_ACTUAL>
      </MONTHLYVALUES>
    </MONTH>
 </YEAR>
 <YEAR>
  <PERIOD_YEAR>2014</PERIOD_YEAR>
    <MONTH>
     <PERIOD_MONTH>1</PERIOD_MONTH>
      <MONTHLYVALUES>
       <YTD_TARGET>5.70</YTD_TARGET>
       <YTD_ACTUAL>7.00</YTD_ACTUAL>
       <MONTHLY_TARGET>5.70</MONTHLY_TARGET>
       <MONTHLY_ACTUAL>7.00</MONTHLY_ACTUAL>
      </MONTHLYVALUES>
    </MONTH>
    <MONTH>
     <PERIOD_MONTH>2</PERIOD_MONTH>
      <MONTHLYVALUES>
       <YTD_TARGET>5.70</YTD_TARGET>
       <YTD_ACTUAL>6.20</YTD_ACTUAL>
       <MONTHLY_TARGET>5.70</MONTHLY_TARGET>
       <MONTHLY_ACTUAL>5.40</MONTHLY_ACTUAL>
      </MONTHLYVALUES>
    </MONTH>
    <MONTH>
     <PERIOD_MONTH>3</PERIOD_MONTH>
      <MONTHLYVALUES>
       <YTD_TARGET>5.70</YTD_TARGET>
       <YTD_ACTUAL>5.20</YTD_ACTUAL>
       <MONTHLY_TARGET>5.70</MONTHLY_TARGET>
       <MONTHLY_ACTUAL>3.10</MONTHLY_ACTUAL>
      </MONTHLYVALUES>
    </MONTH>
    <MONTH>
     <PERIOD_MONTH>4</PERIOD_MONTH>
      <MONTHLYVALUES>
       <YTD_TARGET>5.70</YTD_TARGET>
       <YTD_ACTUAL>6.70</YTD_ACTUAL>
       <MONTHLY_TARGET>5.70</MONTHLY_TARGET>
       <MONTHLY_ACTUAL>9.40</MONTHLY_ACTUAL>
      </MONTHLYVALUES>
    </MONTH>
    <MONTH>
     <PERIOD_MONTH>5</PERIOD_MONTH>
      <MONTHLYVALUES>
       <YTD_TARGET>5.70</YTD_TARGET>
       <YTD_ACTUAL>9.40</YTD_ACTUAL>
       <MONTHLY_TARGET>5.70</MONTHLY_TARGET>
       <MONTHLY_ACTUAL>12.00</MONTHLY_ACTUAL>
      </MONTHLYVALUES>
    </MONTH>
    <MONTH>
     <PERIOD_MONTH>6</PERIOD_MONTH>
      <MONTHLYVALUES>
       <YTD_TARGET>5.70</YTD_TARGET>
       <YTD_ACTUAL>7.30</YTD_ACTUAL>
       <MONTHLY_TARGET>5.70</MONTHLY_TARGET>
       <MONTHLY_ACTUAL>6.90</MONTHLY_ACTUAL>
      </MONTHLYVALUES>
    </MONTH>
    <MONTH>
     <PERIOD_MONTH>7</PERIOD_MONTH>
      <MONTHLYVALUES>
       <YTD_TARGET>5.70</YTD_TARGET>
       <YTD_ACTUAL>6.90</YTD_ACTUAL>
       <MONTHLY_TARGET>5.70</MONTHLY_TARGET>
       <MONTHLY_ACTUAL>4.50</MONTHLY_ACTUAL>
      </MONTHLYVALUES>
    </MONTH>
    <MONTH>
     <PERIOD_MONTH>8</PERIOD_MONTH>
      <MONTHLYVALUES>
       <YTD_TARGET>5.70</YTD_TARGET>
       <YTD_ACTUAL>6.80</YTD_ACTUAL>
       <MONTHLY_TARGET>5.70</MONTHLY_TARGET>
       <MONTHLY_ACTUAL>5.50</MONTHLY_ACTUAL>
      </MONTHLYVALUES>
    </MONTH>
    <MONTH>
     <PERIOD_MONTH>9</PERIOD_MONTH>
      <MONTHLYVALUES>
       <YTD_TARGET>5.70</YTD_TARGET>
       <YTD_ACTUAL>6.90</YTD_ACTUAL>
       <MONTHLY_TARGET>5.70</MONTHLY_TARGET>
       <MONTHLY_ACTUAL>7.10</MONTHLY_ACTUAL>
      </MONTHLYVALUES>
    </MONTH>
    <MONTH>
     <PERIOD_MONTH>10</PERIOD_MONTH>
      <MONTHLYVALUES>
       <YTD_TARGET>5.70</YTD_TARGET>
       <YTD_ACTUAL>7.10</YTD_ACTUAL>
       <MONTHLY_TARGET>5.70</MONTHLY_TARGET>
       <MONTHLY_ACTUAL>7.40</MONTHLY_ACTUAL>
      </MONTHLYVALUES>
    </MONTH>
    <MONTH>
     <PERIOD_MONTH>11</PERIOD_MONTH>
      <MONTHLYVALUES>
       <YTD_TARGET>5.70</YTD_TARGET>
       <YTD_ACTUAL>7.00</YTD_ACTUAL>
       <MONTHLY_TARGET>5.70</MONTHLY_TARGET>
       <MONTHLY_ACTUAL>5.20</MONTHLY_ACTUAL>
      </MONTHLYVALUES>
    </MONTH>
    <MONTH>
     <PERIOD_MONTH>12</PERIOD_MONTH>
      <MONTHLYVALUES>
       <YTD_TARGET>5.70</YTD_TARGET>
       <YTD_ACTUAL>6.50</YTD_ACTUAL>
       <MONTHLY_TARGET>5.70</MONTHLY_TARGET>
       <MONTHLY_ACTUAL>4.80</MONTHLY_ACTUAL>
      </MONTHLYVALUES>
    </MONTH>
 </YEAR>
 <YEAR>
  <PERIOD_YEAR>2015</PERIOD_YEAR>
    <MONTH>
     <PERIOD_MONTH>1</PERIOD_MONTH>
      <MONTHLYVALUES>
       <YTD_TARGET>.00</YTD_TARGET>
       <YTD_ACTUAL>5.50</YTD_ACTUAL>
       <MONTHLY_TARGET>.00</MONTHLY_TARGET>
       <MONTHLY_ACTUAL>5.50</MONTHLY_ACTUAL>
      </MONTHLYVALUES>
    </MONTH>
    <MONTH>
     <PERIOD_MONTH>2</PERIOD_MONTH>
      <MONTHLYVALUES>
       <YTD_TARGET>.00</YTD_TARGET>
       <YTD_ACTUAL>4.60</YTD_ACTUAL>
       <MONTHLY_TARGET>.00</MONTHLY_TARGET>
       <MONTHLY_ACTUAL>1.80</MONTHLY_ACTUAL>
      </MONTHLYVALUES>
    </MONTH>
    <MONTH>
     <PERIOD_MONTH>3</PERIOD_MONTH>
      <MONTHLYVALUES>
       <YTD_TARGET>.00</YTD_TARGET>
       <YTD_ACTUAL>4.30</YTD_ACTUAL>
       <MONTHLY_TARGET>.00</MONTHLY_TARGET>
       <MONTHLY_ACTUAL>3.70</MONTHLY_ACTUAL>
      </MONTHLYVALUES>
    </MONTH>
    <MONTH>
     <PERIOD_MONTH>4</PERIOD_MONTH>
      <MONTHLYVALUES>
       <YTD_TARGET>.00</YTD_TARGET>
       <YTD_ACTUAL>4.20</YTD_ACTUAL>
       <MONTHLY_TARGET>.00</MONTHLY_TARGET>
       <MONTHLY_ACTUAL>3.20</MONTHLY_ACTUAL>
      </MONTHLYVALUES>
    </MONTH>
    <MONTH>
     <PERIOD_MONTH>5</PERIOD_MONTH>
      <MONTHLYVALUES>
       <YTD_TARGET>.00</YTD_TARGET>
       <YTD_ACTUAL>4.00</YTD_ACTUAL>
       <MONTHLY_TARGET>.00</MONTHLY_TARGET>
       <MONTHLY_ACTUAL>3.20</MONTHLY_ACTUAL>
      </MONTHLYVALUES>
    </MONTH>
    <MONTH>
     <PERIOD_MONTH>6</PERIOD_MONTH>
      <MONTHLYVALUES>
       <YTD_TARGET>.00</YTD_TARGET>
       <YTD_ACTUAL>3.80</YTD_ACTUAL>
       <MONTHLY_TARGET>.00</MONTHLY_TARGET>
       <MONTHLY_ACTUAL>3.10</MONTHLY_ACTUAL>
      </MONTHLYVALUES>
    </MONTH>
    <MONTH>
     <PERIOD_MONTH>7</PERIOD_MONTH>
      <MONTHLYVALUES>
       <YTD_TARGET>.00</YTD_TARGET>
       <YTD_ACTUAL>4.50</YTD_ACTUAL>
       <MONTHLY_TARGET>.00</MONTHLY_TARGET>
       <MONTHLY_ACTUAL>8.50</MONTHLY_ACTUAL>
      </MONTHLYVALUES>
    </MONTH>
    <MONTH>
     <PERIOD_MONTH>8</PERIOD_MONTH>
      <MONTHLYVALUES>
       <YTD_TARGET>.00</YTD_TARGET>
       <YTD_ACTUAL>5.10</YTD_ACTUAL>
       <MONTHLY_TARGET>.00</MONTHLY_TARGET>
       <MONTHLY_ACTUAL>8.90</MONTHLY_ACTUAL>
      </MONTHLYVALUES>
    </MONTH>
    <MONTH>
     <PERIOD_MONTH>9</PERIOD_MONTH>
      <MONTHLYVALUES>
       <YTD_TARGET>.00</YTD_TARGET>
       <YTD_ACTUAL>4.70</YTD_ACTUAL>
       <MONTHLY_TARGET>.00</MONTHLY_TARGET>
       <MONTHLY_ACTUAL>6.40</MONTHLY_ACTUAL>
      </MONTHLYVALUES>
    </MONTH>
    <MONTH>
     <PERIOD_MONTH>10</PERIOD_MONTH>
      <MONTHLYVALUES>
       <YTD_TARGET>.00</YTD_TARGET>
       <YTD_ACTUAL>4.80</YTD_ACTUAL>
       <MONTHLY_TARGET>.00</MONTHLY_TARGET>
       <MONTHLY_ACTUAL>5.60</MONTHLY_ACTUAL>
      </MONTHLYVALUES>
    </MONTH>
    <MONTH>
     <PERIOD_MONTH>11</PERIOD_MONTH>
      <MONTHLYVALUES>
       <YTD_TARGET>.00</YTD_TARGET>
       <YTD_ACTUAL>4.70</YTD_ACTUAL>
       <MONTHLY_TARGET>.00</MONTHLY_TARGET>
       <MONTHLY_ACTUAL>2.70</MONTHLY_ACTUAL>
      </MONTHLYVALUES>
    </MONTH>
    <MONTH>
     <PERIOD_MONTH>12</PERIOD_MONTH>
      <MONTHLYVALUES>
       <YTD_TARGET>.00</YTD_TARGET>
       <YTD_ACTUAL>4.80</YTD_ACTUAL>
       <MONTHLY_TARGET>.00</MONTHLY_TARGET>
       <MONTHLY_ACTUAL>6.60</MONTHLY_ACTUAL>
      </MONTHLYVALUES>
    </MONTH>
 </YEAR>
 <YEAR>
  <PERIOD_YEAR>2016</PERIOD_YEAR>
    <MONTH>
     <PERIOD_MONTH>1</PERIOD_MONTH>
      <MONTHLYVALUES>
       <YTD_TARGET>.00</YTD_TARGET>
       <YTD_ACTUAL>5.90</YTD_ACTUAL>
       <MONTHLY_TARGET>.00</MONTHLY_TARGET>
       <MONTHLY_ACTUAL>5.90</MONTHLY_ACTUAL>
      </MONTHLYVALUES>
    </MONTH>
    <MONTH>
     <PERIOD_MONTH>2</PERIOD_MONTH>
      <MONTHLYVALUES>
       <YTD_TARGET>.00</YTD_TARGET>
       <YTD_ACTUAL>4.70</YTD_ACTUAL>
       <MONTHLY_TARGET>.00</MONTHLY_TARGET>
       <MONTHLY_ACTUAL>3.60</MONTHLY_ACTUAL>
      </MONTHLYVALUES>
    </MONTH>
    <MONTH>
     <PERIOD_MONTH>3</PERIOD_MONTH>
      <MONTHLYVALUES>
       <YTD_TARGET>.00</YTD_TARGET>
       <YTD_ACTUAL>5.00</YTD_ACTUAL>
       <MONTHLY_TARGET>.00</MONTHLY_TARGET>
       <MONTHLY_ACTUAL>5.40</MONTHLY_ACTUAL>
      </MONTHLYVALUES>
    </MONTH>
    <MONTH>
     <PERIOD_MONTH>4</PERIOD_MONTH>
      <MONTHLYVALUES>
       <YTD_TARGET>.00</YTD_TARGET>
       <YTD_ACTUAL>5.20</YTD_ACTUAL>
       <MONTHLY_TARGET>.00</MONTHLY_TARGET>
       <MONTHLY_ACTUAL>5.80</MONTHLY_ACTUAL>
      </MONTHLYVALUES>
    </MONTH>
    <MONTH>
     <PERIOD_MONTH>5</PERIOD_MONTH>
      <MONTHLYVALUES>
       <YTD_TARGET>.00</YTD_TARGET>
       <YTD_ACTUAL>5.40</YTD_ACTUAL>
       <MONTHLY_TARGET>.00</MONTHLY_TARGET>
       <MONTHLY_ACTUAL>5.70</MONTHLY_ACTUAL>
      </MONTHLYVALUES>
    </MONTH>
    <MONTH>
     <PERIOD_MONTH>6</PERIOD_MONTH>
      <MONTHLYVALUES>
       <YTD_TARGET>.00</YTD_TARGET>
       <YTD_ACTUAL>5.40</YTD_ACTUAL>
       <MONTHLY_TARGET>.00</MONTHLY_TARGET>
       <MONTHLY_ACTUAL>5.40</MONTHLY_ACTUAL>
      </MONTHLYVALUES>
    </MONTH>
    <MONTH>
     <PERIOD_MONTH>7</PERIOD_MONTH>
      <MONTHLYVALUES>
       <YTD_TARGET>.00</YTD_TARGET>
       <YTD_ACTUAL>6.50</YTD_ACTUAL>
       <MONTHLY_TARGET>.00</MONTHLY_TARGET>
       <MONTHLY_ACTUAL>13.20</MONTHLY_ACTUAL>
      </MONTHLYVALUES>
    </MONTH>
    <MONTH>
     <PERIOD_MONTH>8</PERIOD_MONTH>
      <MONTHLYVALUES>
       <YTD_TARGET>.00</YTD_TARGET>
       <YTD_ACTUAL>6.50</YTD_ACTUAL>
       <MONTHLY_TARGET>.00</MONTHLY_TARGET>
       <MONTHLY_ACTUAL>10.80</MONTHLY_ACTUAL>
      </MONTHLYVALUES>
    </MONTH>
    <MONTH>
     <PERIOD_MONTH>9</PERIOD_MONTH>
      <MONTHLYVALUES>
       <YTD_TARGET>.00</YTD_TARGET>
       <YTD_ACTUAL>6.70</YTD_ACTUAL>
       <MONTHLY_TARGET>.00</MONTHLY_TARGET>
       <MONTHLY_ACTUAL>8.60</MONTHLY_ACTUAL>
      </MONTHLYVALUES>
    </MONTH>
    <MONTH>
     <PERIOD_MONTH>10</PERIOD_MONTH>
      <MONTHLYVALUES>
       <YTD_TARGET>.00</YTD_TARGET>
       <YTD_ACTUAL>6.80</YTD_ACTUAL>
       <MONTHLY_TARGET>.00</MONTHLY_TARGET>
       <MONTHLY_ACTUAL>4.00</MONTHLY_ACTUAL>
      </MONTHLYVALUES>
    </MONTH>
    <MONTH>
     <PERIOD_MONTH>11</PERIOD_MONTH>
      <MONTHLYVALUES>
       <YTD_TARGET>.00</YTD_TARGET>
       <YTD_ACTUAL>6.80</YTD_ACTUAL>
       <MONTHLY_TARGET>.00</MONTHLY_TARGET>
       <MONTHLY_ACTUAL>3.30</MONTHLY_ACTUAL>
      </MONTHLYVALUES>
    </MONTH>
    <MONTH>
     <PERIOD_MONTH>12</PERIOD_MONTH>
      <MONTHLYVALUES>
       <YTD_TARGET>.00</YTD_TARGET>
       <YTD_ACTUAL>6.70</YTD_ACTUAL>
       <MONTHLY_TARGET>.00</MONTHLY_TARGET>
       <MONTHLY_ACTUAL>5.50</MONTHLY_ACTUAL>
      </MONTHLYVALUES>
    </MONTH>
 </YEAR>
 <YEAR>
  <PERIOD_YEAR>2017</PERIOD_YEAR>
    <MONTH>
     <PERIOD_MONTH>1</PERIOD_MONTH>
      <MONTHLYVALUES>
       <YTD_TARGET>.00</YTD_TARGET>
       <YTD_ACTUAL>5.60</YTD_ACTUAL>
       <MONTHLY_TARGET>.00</MONTHLY_TARGET>
       <MONTHLY_ACTUAL>5.60</MONTHLY_ACTUAL>
      </MONTHLYVALUES>
    </MONTH>
    <MONTH>
     <PERIOD_MONTH>2</PERIOD_MONTH>
      <MONTHLYVALUES>
       <YTD_TARGET>.00</YTD_TARGET>
       <YTD_ACTUAL>3.80</YTD_ACTUAL>
       <MONTHLY_TARGET>.00</MONTHLY_TARGET>
       <MONTHLY_ACTUAL>1.80</MONTHLY_ACTUAL>
      </MONTHLYVALUES>
    </MONTH>
    <MONTH>
     <PERIOD_MONTH>3</PERIOD_MONTH>
      <MONTHLYVALUES>
       <YTD_TARGET>.00</YTD_TARGET>
       <YTD_ACTUAL>7.50</YTD_ACTUAL>
       <MONTHLY_TARGET>.00</MONTHLY_TARGET>
       <MONTHLY_ACTUAL>15.60</MONTHLY_ACTUAL>
      </MONTHLYVALUES>
    </MONTH>
 </YEAR>
 </INDICATOR>
 <INDICATOR>
 <INDICATOR_SEQ>80231</INDICATOR_SEQ>
 <PARENT_SEQ></PARENT_SEQ>
 <AGENCY_NAME>Bridges and Tunnels</AGENCY_NAME>
 <INDICATOR_NAME>Total Traffic</INDICATOR_NAME>
 <DESCRIPTION>The number of vehicles that pass through toll booths using either E-ZPass or cash as payment.</DESCRIPTION>
 <CATEGORY>Service Indicators</CATEGORY>
 <FREQUENCY>M</FREQUENCY>
 <DESIRED_CHANGE>U</DESIRED_CHANGE>
 <INDICATOR_UNIT>-</INDICATOR_UNIT>
 <DECIMAL_PLACES>0</DECIMAL_PLACES>
 <YEAR>
  <PERIOD_YEAR>2008</PERIOD_YEAR>
    <MONTH>
     <PERIOD_MONTH>1</PERIOD_MONTH>
      <MONTHLYVALUES>
       <YTD_TARGET>.00</YTD_TARGET>
       <YTD_ACTUAL>23653532.00</YTD_ACTUAL>
       <MONTHLY_TARGET>.00</MONTHLY_TARGET>
       <MONTHLY_ACTUAL>23653532.00</MONTHLY_ACTUAL>
      </MONTHLYVALUES>
    </MONTH>
    <MONTH>
     <PERIOD_MONTH>2</PERIOD_MONTH>
      <MONTHLYVALUES>
       <YTD_TARGET>.00</YTD_TARGET>
       <YTD_ACTUAL>45825715.00</YTD_ACTUAL>
       <MONTHLY_TARGET>.00</MONTHLY_TARGET>
       <MONTHLY_ACTUAL>22172183.00</MONTHLY_ACTUAL>
      </MONTHLYVALUES>
    </MONTH>
    <MONTH>
     <PERIOD_MONTH>3</PERIOD_MONTH>
      <MONTHLYVALUES>
       <YTD_TARGET>.00</YTD_TARGET>
       <YTD_ACTUAL>70688382.00</YTD_ACTUAL>
       <MONTHLY_TARGET>.00</MONTHLY_TARGET>
       <MONTHLY_ACTUAL>24862667.00</MONTHLY_ACTUAL>
      </MONTHLYVALUES>
    </MONTH>
    <MONTH>
     <PERIOD_MONTH>4</PERIOD_MONTH>
      <MONTHLYVALUES>
       <YTD_TARGET>.00</YTD_TARGET>
       <YTD_ACTUAL>95277708.00</YTD_ACTUAL>
       <MONTHLY_TARGET>.00</MONTHLY_TARGET>
       <MONTHLY_ACTUAL>24589326.00</MONTHLY_ACTUAL>
      </MONTHLYVALUES>
    </MONTH>
    <MONTH>
     <PERIOD_MONTH>5</PERIOD_MONTH>
      <MONTHLYVALUES>
       <YTD_TARGET>.00</YTD_TARGET>
       <YTD_ACTUAL>121143212.00</YTD_ACTUAL>
       <MONTHLY_TARGET>.00</MONTHLY_TARGET>
       <MONTHLY_ACTUAL>25865504.00</MONTHLY_ACTUAL>
      </MONTHLYVALUES>
    </MONTH>
    <MONTH>
     <PERIOD_MONTH>6</PERIOD_MONTH>
      <MONTHLYVALUES>
       <YTD_TARGET>.00</YTD_TARGET>
       <YTD_ACTUAL>146780155.00</YTD_ACTUAL>
       <MONTHLY_TARGET>.00</MONTHLY_TARGET>
       <MONTHLY_ACTUAL>25636943.00</MONTHLY_ACTUAL>
      </MONTHLYVALUES>
    </MONTH>
    <MONTH>
     <PERIOD_MONTH>7</PERIOD_MONTH>
      <MONTHLYVALUES>
       <YTD_TARGET>.00</YTD_TARGET>
       <YTD_ACTUAL>172665956.00</YTD_ACTUAL>
       <MONTHLY_TARGET>.00</MONTHLY_TARGET>
       <MONTHLY_ACTUAL>25885801.00</MONTHLY_ACTUAL>
      </MONTHLYVALUES>
    </MONTH>
    <MONTH>
     <PERIOD_MONTH>8</PERIOD_MONTH>
      <MONTHLYVALUES>
       <YTD_TARGET>.00</YTD_TARGET>
       <YTD_ACTUAL>198830159.00</YTD_ACTUAL>
       <MONTHLY_TARGET>.00</MONTHLY_TARGET>
       <MONTHLY_ACTUAL>26164203.00</MONTHLY_ACTUAL>
      </MONTHLYVALUES>
    </MONTH>
    <MONTH>
     <PERIOD_MONTH>9</PERIOD_MONTH>
      <MONTHLYVALUES>
       <YTD_TARGET>.00</YTD_TARGET>
       <YTD_ACTUAL>223159459.00</YTD_ACTUAL>
       <MONTHLY_TARGET>.00</MONTHLY_TARGET>
       <MONTHLY_ACTUAL>24329300.00</MONTHLY_ACTUAL>
      </MONTHLYVALUES>
    </MONTH>
    <MONTH>
     <PERIOD_MONTH>10</PERIOD_MONTH>
      <MONTHLYVALUES>
       <YTD_TARGET>.00</YTD_TARGET>
       <YTD_ACTUAL>248109909.00</YTD_ACTUAL>
       <MONTHLY_TARGET>.00</MONTHLY_TARGET>
       <MONTHLY_ACTUAL>24950450.00</MONTHLY_ACTUAL>
      </MONTHLYVALUES>
    </MONTH>
    <MONTH>
     <PERIOD_MONTH>11</PERIOD_MONTH>
      <MONTHLYVALUES>
       <YTD_TARGET>.00</YTD_TARGET>
       <YTD_ACTUAL>271749528.00</YTD_ACTUAL>
       <MONTHLY_TARGET>.00</MONTHLY_TARGET>
       <MONTHLY_ACTUAL>23639619.00</MONTHLY_ACTUAL>
      </MONTHLYVALUES>
    </MONTH>
    <MONTH>
     <PERIOD_MONTH>12</PERIOD_MONTH>
      <MONTHLYVALUES>
       <YTD_TARGET>.00</YTD_TARGET>
       <YTD_ACTUAL>295679638.00</YTD_ACTUAL>
       <MONTHLY_TARGET>.00</MONTHLY_TARGET>
       <MONTHLY_ACTUAL>23930110.00</MONTHLY_ACTUAL>
      </MONTHLYVALUES>
    </MONTH>
 </YEAR>
 <YEAR>
  <PERIOD_YEAR>2009</PERIOD_YEAR>
    <MONTH>
     <PERIOD_MONTH>1</PERIOD_MONTH>
      <MONTHLYVALUES>
       <YTD_TARGET>21970438.00</YTD_TARGET>
       <YTD_ACTUAL>21970438.00</YTD_ACTUAL>
       <MONTHLY_TARGET>21970438.00</MONTHLY_TARGET>
       <MONTHLY_ACTUAL>21970438.00</MONTHLY_ACTUAL>
      </MONTHLYVALUES>
    </MONTH>
    <MONTH>
     <PERIOD_MONTH>2</PERIOD_MONTH>
      <MONTHLYVALUES>
       <YTD_TARGET>43202615.00</YTD_TARGET>
       <YTD_ACTUAL>43202615.00</YTD_ACTUAL>
       <MONTHLY_TARGET>21232177.00</MONTHLY_TARGET>
       <MONTHLY_ACTUAL>21232177.00</MONTHLY_ACTUAL>
      </MONTHLYVALUES>
    </MONTH>
    <MONTH>
     <PERIOD_MONTH>3</PERIOD_MONTH>
      <MONTHLYVALUES>
       <YTD_TARGET>67182462.00</YTD_TARGET>
       <YTD_ACTUAL>67201465.00</YTD_ACTUAL>
       <MONTHLY_TARGET>23979847.00</MONTHLY_TARGET>
       <MONTHLY_ACTUAL>23998850.00</MONTHLY_ACTUAL>
      </MONTHLYVALUES>
    </MONTH>
    <MONTH>
     <PERIOD_MONTH>4</PERIOD_MONTH>
      <MONTHLYVALUES>
       <YTD_TARGET>91717005.00</YTD_TARGET>
       <YTD_ACTUAL>91752177.00</YTD_ACTUAL>
       <MONTHLY_TARGET>24534543.00</MONTHLY_TARGET>
       <MONTHLY_ACTUAL>24550712.00</MONTHLY_ACTUAL>
      </MONTHLYVALUES>
    </MONTH>
    <MONTH>
     <PERIOD_MONTH>5</PERIOD_MONTH>
      <MONTHLYVALUES>
       <YTD_TARGET>117423583.00</YTD_TARGET>
       <YTD_ACTUAL>117486258.00</YTD_ACTUAL>
       <MONTHLY_TARGET>25706578.00</MONTHLY_TARGET>
       <MONTHLY_ACTUAL>25734081.00</MONTHLY_ACTUAL>
      </MONTHLYVALUES>
    </MONTH>
    <MONTH>
     <PERIOD_MONTH>6</PERIOD_MONTH>
      <MONTHLYVALUES>
       <YTD_TARGET>142920549.00</YTD_TARGET>
       <YTD_ACTUAL>143039714.00</YTD_ACTUAL>
       <MONTHLY_TARGET>25496966.00</MONTHLY_TARGET>
       <MONTHLY_ACTUAL>25553456.00</MONTHLY_ACTUAL>
      </MONTHLYVALUES>
    </MONTH>
    <MONTH>
     <PERIOD_MONTH>7</PERIOD_MONTH>
      <MONTHLYVALUES>
       <YTD_TARGET>167848988.00</YTD_TARGET>
       <YTD_ACTUAL>168899947.00</YTD_ACTUAL>
       <MONTHLY_TARGET>24928439.00</MONTHLY_TARGET>
       <MONTHLY_ACTUAL>25860233.00</MONTHLY_ACTUAL>
      </MONTHLYVALUES>
    </MONTH>
    <MONTH>
     <PERIOD_MONTH>8</PERIOD_MONTH>
      <MONTHLYVALUES>
       <YTD_TARGET>193092470.00</YTD_TARGET>
       <YTD_ACTUAL>194708988.00</YTD_ACTUAL>
       <MONTHLY_TARGET>25243482.00</MONTHLY_TARGET>
       <MONTHLY_ACTUAL>25809041.00</MONTHLY_ACTUAL>
      </MONTHLYVALUES>
    </MONTH>
    <MONTH>
     <PERIOD_MONTH>9</PERIOD_MONTH>
      <MONTHLYVALUES>
       <YTD_TARGET>216475161.00</YTD_TARGET>
       <YTD_ACTUAL>219252945.00</YTD_ACTUAL>
       <MONTHLY_TARGET>23382691.00</MONTHLY_TARGET>
       <MONTHLY_ACTUAL>24543957.00</MONTHLY_ACTUAL>
      </MONTHLYVALUES>
    </MONTH>
    <MONTH>
     <PERIOD_MONTH>10</PERIOD_MONTH>
      <MONTHLYVALUES>
       <YTD_TARGET>240489864.00</YTD_TARGET>
       <YTD_ACTUAL>244257385.00</YTD_ACTUAL>
       <MONTHLY_TARGET>24014703.00</MONTHLY_TARGET>
       <MONTHLY_ACTUAL>25004440.00</MONTHLY_ACTUAL>
      </MONTHLYVALUES>
    </MONTH>
    <MONTH>
     <PERIOD_MONTH>11</PERIOD_MONTH>
      <MONTHLYVALUES>
       <YTD_TARGET>263437375.00</YTD_TARGET>
       <YTD_ACTUAL>267886862.00</YTD_ACTUAL>
       <MONTHLY_TARGET>22947511.00</MONTHLY_TARGET>
       <MONTHLY_ACTUAL>23629477.00</MONTHLY_ACTUAL>
      </MONTHLYVALUES>
    </MONTH>
    <MONTH>
     <PERIOD_MONTH>12</PERIOD_MONTH>
      <MONTHLYVALUES>
       <YTD_TARGET>287347001.00</YTD_TARGET>
       <YTD_ACTUAL>291383388.00</YTD_ACTUAL>
       <MONTHLY_TARGET>23909626.00</MONTHLY_TARGET>
       <MONTHLY_ACTUAL>23496526.00</MONTHLY_ACTUAL>
      </MONTHLYVALUES>
    </MONTH>
 </YEAR>
 <YEAR>
  <PERIOD_YEAR>2010</PERIOD_YEAR>
    <MONTH>
     <PERIOD_MONTH>1</PERIOD_MONTH>
      <MONTHLYVALUES>
       <YTD_TARGET>21964675.00</YTD_TARGET>
       <YTD_ACTUAL>22330921.00</YTD_ACTUAL>
       <MONTHLY_TARGET>21964675.00</MONTHLY_TARGET>
       <MONTHLY_ACTUAL>22330921.00</MONTHLY_ACTUAL>
      </MONTHLYVALUES>
    </MONTH>
    <MONTH>
     <PERIOD_MONTH>2</PERIOD_MONTH>
      <MONTHLYVALUES>
       <YTD_TARGET>42879258.00</YTD_TARGET>
       <YTD_ACTUAL>41478223.00</YTD_ACTUAL>
       <MONTHLY_TARGET>20914583.00</MONTHLY_TARGET>
       <MONTHLY_ACTUAL>19147302.00</MONTHLY_ACTUAL>
      </MONTHLYVALUES>
    </MONTH>
    <MONTH>
     <PERIOD_MONTH>3</PERIOD_MONTH>
      <MONTHLYVALUES>
       <YTD_TARGET>66537709.00</YTD_TARGET>
       <YTD_ACTUAL>65967576.00</YTD_ACTUAL>
       <MONTHLY_TARGET>23658451.00</MONTHLY_TARGET>
       <MONTHLY_ACTUAL>24489353.00</MONTHLY_ACTUAL>
      </MONTHLYVALUES>
    </MONTH>
    <MONTH>
     <PERIOD_MONTH>4</PERIOD_MONTH>
      <MONTHLYVALUES>
       <YTD_TARGET>90854788.00</YTD_TARGET>
       <YTD_ACTUAL>90537976.00</YTD_ACTUAL>
       <MONTHLY_TARGET>24317079.00</MONTHLY_TARGET>
       <MONTHLY_ACTUAL>24570400.00</MONTHLY_ACTUAL>
      </MONTHLYVALUES>
    </MONTH>
    <MONTH>
     <PERIOD_MONTH>5</PERIOD_MONTH>
      <MONTHLYVALUES>
       <YTD_TARGET>116302452.00</YTD_TARGET>
       <YTD_ACTUAL>116518844.00</YTD_ACTUAL>
       <MONTHLY_TARGET>25447664.00</MONTHLY_TARGET>
       <MONTHLY_ACTUAL>25980868.00</MONTHLY_ACTUAL>
      </MONTHLYVALUES>
    </MONTH>
    <MONTH>
     <PERIOD_MONTH>6</PERIOD_MONTH>
      <MONTHLYVALUES>
       <YTD_TARGET>141626741.00</YTD_TARGET>
       <YTD_ACTUAL>142455907.00</YTD_ACTUAL>
       <MONTHLY_TARGET>25324289.00</MONTHLY_TARGET>
       <MONTHLY_ACTUAL>25937063.00</MONTHLY_ACTUAL>
      </MONTHLYVALUES>
    </MONTH>
    <MONTH>
     <PERIOD_MONTH>7</PERIOD_MONTH>
      <MONTHLYVALUES>
       <YTD_TARGET>167172701.00</YTD_TARGET>
       <YTD_ACTUAL>168437622.00</YTD_ACTUAL>
       <MONTHLY_TARGET>25545960.00</MONTHLY_TARGET>
       <MONTHLY_ACTUAL>25981715.00</MONTHLY_ACTUAL>
      </MONTHLYVALUES>
    </MONTH>
    <MONTH>
     <PERIOD_MONTH>8</PERIOD_MONTH>
      <MONTHLYVALUES>
       <YTD_TARGET>192708734.00</YTD_TARGET>
       <YTD_ACTUAL>194639881.00</YTD_ACTUAL>
       <MONTHLY_TARGET>25536033.00</MONTHLY_TARGET>
       <MONTHLY_ACTUAL>26202259.00</MONTHLY_ACTUAL>
      </MONTHLYVALUES>
    </MONTH>
    <MONTH>
     <PERIOD_MONTH>9</PERIOD_MONTH>
      <MONTHLYVALUES>
       <YTD_TARGET>216876470.00</YTD_TARGET>
       <YTD_ACTUAL>219257582.00</YTD_ACTUAL>
       <MONTHLY_TARGET>24167736.00</MONTHLY_TARGET>
       <MONTHLY_ACTUAL>24617701.00</MONTHLY_ACTUAL>
      </MONTHLYVALUES>
    </MONTH>
    <MONTH>
     <PERIOD_MONTH>10</PERIOD_MONTH>
      <MONTHLYVALUES>
       <YTD_TARGET>241617438.00</YTD_TARGET>
       <YTD_ACTUAL>244728229.00</YTD_ACTUAL>
       <MONTHLY_TARGET>24740968.00</MONTHLY_TARGET>
       <MONTHLY_ACTUAL>25470647.00</MONTHLY_ACTUAL>
      </MONTHLYVALUES>
    </MONTH>
    <MONTH>
     <PERIOD_MONTH>11</PERIOD_MONTH>
      <MONTHLYVALUES>
       <YTD_TARGET>264923419.00</YTD_TARGET>
       <YTD_ACTUAL>268744899.00</YTD_ACTUAL>
       <MONTHLY_TARGET>23305981.00</MONTHLY_TARGET>
       <MONTHLY_ACTUAL>24016670.00</MONTHLY_ACTUAL>
      </MONTHLYVALUES>
    </MONTH>
    <MONTH>
     <PERIOD_MONTH>12</PERIOD_MONTH>
      <MONTHLYVALUES>
       <YTD_TARGET>290284002.00</YTD_TARGET>
       <YTD_ACTUAL>291714229.00</YTD_ACTUAL>
       <MONTHLY_TARGET>25360583.00</MONTHLY_TARGET>
       <MONTHLY_ACTUAL>22969330.00</MONTHLY_ACTUAL>
      </MONTHLYVALUES>
    </MONTH>
 </YEAR>
 <YEAR>
  <PERIOD_YEAR>2011</PERIOD_YEAR>
    <MONTH>
     <PERIOD_MONTH>1</PERIOD_MONTH>
      <MONTHLYVALUES>
       <YTD_TARGET>21070043.00</YTD_TARGET>
       <YTD_ACTUAL>20408730.00</YTD_ACTUAL>
       <MONTHLY_TARGET>21070043.00</MONTHLY_TARGET>
       <MONTHLY_ACTUAL>20408730.00</MONTHLY_ACTUAL>
      </MONTHLYVALUES>
    </MONTH>
    <MONTH>
     <PERIOD_MONTH>2</PERIOD_MONTH>
      <MONTHLYVALUES>
       <YTD_TARGET>41494397.00</YTD_TARGET>
       <YTD_ACTUAL>40584874.00</YTD_ACTUAL>
       <MONTHLY_TARGET>20424354.00</MONTHLY_TARGET>
       <MONTHLY_ACTUAL>20176144.00</MONTHLY_ACTUAL>
      </MONTHLYVALUES>
    </MONTH>
    <MONTH>
     <PERIOD_MONTH>3</PERIOD_MONTH>
      <MONTHLYVALUES>
       <YTD_TARGET>65385720.00</YTD_TARGET>
       <YTD_ACTUAL>64513106.00</YTD_ACTUAL>
       <MONTHLY_TARGET>23891323.00</MONTHLY_TARGET>
       <MONTHLY_ACTUAL>23928232.00</MONTHLY_ACTUAL>
      </MONTHLYVALUES>
    </MONTH>
    <MONTH>
     <PERIOD_MONTH>4</PERIOD_MONTH>
      <MONTHLYVALUES>
       <YTD_TARGET>89221981.00</YTD_TARGET>
       <YTD_ACTUAL>88106471.00</YTD_ACTUAL>
       <MONTHLY_TARGET>23836261.00</MONTHLY_TARGET>
       <MONTHLY_ACTUAL>23593365.00</MONTHLY_ACTUAL>
      </MONTHLYVALUES>
    </MONTH>
    <MONTH>
     <PERIOD_MONTH>5</PERIOD_MONTH>
      <MONTHLYVALUES>
       <YTD_TARGET>114765370.00</YTD_TARGET>
       <YTD_ACTUAL>113251360.00</YTD_ACTUAL>
       <MONTHLY_TARGET>25543389.00</MONTHLY_TARGET>
       <MONTHLY_ACTUAL>25144889.00</MONTHLY_ACTUAL>
      </MONTHLYVALUES>
    </MONTH>
    <MONTH>
     <PERIOD_MONTH>6</PERIOD_MONTH>
      <MONTHLYVALUES>
       <YTD_TARGET>140158863.00</YTD_TARGET>
       <YTD_ACTUAL>138540363.00</YTD_ACTUAL>
       <MONTHLY_TARGET>25393493.00</MONTHLY_TARGET>
       <MONTHLY_ACTUAL>25289003.00</MONTHLY_ACTUAL>
      </MONTHLYVALUES>
    </MONTH>
    <MONTH>
     <PERIOD_MONTH>7</PERIOD_MONTH>
      <MONTHLYVALUES>
       <YTD_TARGET>165580103.00</YTD_TARGET>
       <YTD_ACTUAL>164031151.00</YTD_ACTUAL>
       <MONTHLY_TARGET>25421240.00</MONTHLY_TARGET>
       <MONTHLY_ACTUAL>25490788.00</MONTHLY_ACTUAL>
      </MONTHLYVALUES>
    </MONTH>
    <MONTH>
     <PERIOD_MONTH>8</PERIOD_MONTH>
      <MONTHLYVALUES>
       <YTD_TARGET>191227773.00</YTD_TARGET>
       <YTD_ACTUAL>188284681.00</YTD_ACTUAL>
       <MONTHLY_TARGET>25647670.00</MONTHLY_TARGET>
       <MONTHLY_ACTUAL>24253530.00</MONTHLY_ACTUAL>
      </MONTHLYVALUES>
    </MONTH>
    <MONTH>
     <PERIOD_MONTH>9</PERIOD_MONTH>
      <MONTHLYVALUES>
       <YTD_TARGET>215329702.00</YTD_TARGET>
       <YTD_ACTUAL>212240682.00</YTD_ACTUAL>
       <MONTHLY_TARGET>24101929.00</MONTHLY_TARGET>
       <MONTHLY_ACTUAL>23956001.00</MONTHLY_ACTUAL>
      </MONTHLYVALUES>
    </MONTH>
    <MONTH>
     <PERIOD_MONTH>10</PERIOD_MONTH>
      <MONTHLYVALUES>
       <YTD_TARGET>240232944.00</YTD_TARGET>
       <YTD_ACTUAL>236361903.00</YTD_ACTUAL>
       <MONTHLY_TARGET>24903242.00</MONTHLY_TARGET>
       <MONTHLY_ACTUAL>24121221.00</MONTHLY_ACTUAL>
      </MONTHLYVALUES>
    </MONTH>
    <MONTH>
     <PERIOD_MONTH>11</PERIOD_MONTH>
      <MONTHLYVALUES>
       <YTD_TARGET>263724656.00</YTD_TARGET>
       <YTD_ACTUAL>259805345.00</YTD_ACTUAL>
       <MONTHLY_TARGET>23491712.00</MONTHLY_TARGET>
       <MONTHLY_ACTUAL>23443442.00</MONTHLY_ACTUAL>
      </MONTHLYVALUES>
    </MONTH>
    <MONTH>
     <PERIOD_MONTH>12</PERIOD_MONTH>
      <MONTHLYVALUES>
       <YTD_TARGET>286764002.00</YTD_TARGET>
       <YTD_ACTUAL>283470727.00</YTD_ACTUAL>
       <MONTHLY_TARGET>23039346.00</MONTHLY_TARGET>
       <MONTHLY_ACTUAL>23665382.00</MONTHLY_ACTUAL>
      </MONTHLYVALUES>
    </MONTH>
 </YEAR>
 <YEAR>
  <PERIOD_YEAR>2012</PERIOD_YEAR>
    <MONTH>
     <PERIOD_MONTH>1</PERIOD_MONTH>
      <MONTHLYVALUES>
       <YTD_TARGET>21224206.00</YTD_TARGET>
       <YTD_ACTUAL>21776550.00</YTD_ACTUAL>
       <MONTHLY_TARGET>21224206.00</MONTHLY_TARGET>
       <MONTHLY_ACTUAL>21776550.00</MONTHLY_ACTUAL>
      </MONTHLYVALUES>
    </MONTH>
    <MONTH>
     <PERIOD_MONTH>2</PERIOD_MONTH>
      <MONTHLYVALUES>
       <YTD_TARGET>41405368.00</YTD_TARGET>
       <YTD_ACTUAL>43056692.00</YTD_ACTUAL>
       <MONTHLY_TARGET>20181162.00</MONTHLY_TARGET>
       <MONTHLY_ACTUAL>21280142.00</MONTHLY_ACTUAL>
      </MONTHLYVALUES>
    </MONTH>
    <MONTH>
     <PERIOD_MONTH>3</PERIOD_MONTH>
      <MONTHLYVALUES>
       <YTD_TARGET>65403838.00</YTD_TARGET>
       <YTD_ACTUAL>66984337.00</YTD_ACTUAL>
       <MONTHLY_TARGET>23998470.00</MONTHLY_TARGET>
       <MONTHLY_ACTUAL>23927645.00</MONTHLY_ACTUAL>
      </MONTHLYVALUES>
    </MONTH>
    <MONTH>
     <PERIOD_MONTH>4</PERIOD_MONTH>
      <MONTHLYVALUES>
       <YTD_TARGET>89126047.00</YTD_TARGET>
       <YTD_ACTUAL>90635762.00</YTD_ACTUAL>
       <MONTHLY_TARGET>23722209.00</MONTHLY_TARGET>
       <MONTHLY_ACTUAL>23651425.00</MONTHLY_ACTUAL>
      </MONTHLYVALUES>
    </MONTH>
    <MONTH>
     <PERIOD_MONTH>5</PERIOD_MONTH>
      <MONTHLYVALUES>
       <YTD_TARGET>114458579.00</YTD_TARGET>
       <YTD_ACTUAL>115828526.00</YTD_ACTUAL>
       <MONTHLY_TARGET>25332532.00</MONTHLY_TARGET>
       <MONTHLY_ACTUAL>25192764.00</MONTHLY_ACTUAL>
      </MONTHLYVALUES>
    </MONTH>
    <MONTH>
     <PERIOD_MONTH>6</PERIOD_MONTH>
      <MONTHLYVALUES>
       <YTD_TARGET>139830879.00</YTD_TARGET>
       <YTD_ACTUAL>141061889.00</YTD_ACTUAL>
       <MONTHLY_TARGET>25372300.00</MONTHLY_TARGET>
       <MONTHLY_ACTUAL>25233363.00</MONTHLY_ACTUAL>
      </MONTHLYVALUES>
    </MONTH>
    <MONTH>
     <PERIOD_MONTH>7</PERIOD_MONTH>
      <MONTHLYVALUES>
       <YTD_TARGET>165493823.00</YTD_TARGET>
       <YTD_ACTUAL>165949511.00</YTD_ACTUAL>
       <MONTHLY_TARGET>25662944.00</MONTHLY_TARGET>
       <MONTHLY_ACTUAL>24887622.00</MONTHLY_ACTUAL>
      </MONTHLYVALUES>
    </MONTH>
    <MONTH>
     <PERIOD_MONTH>8</PERIOD_MONTH>
      <MONTHLYVALUES>
       <YTD_TARGET>191042784.00</YTD_TARGET>
       <YTD_ACTUAL>191619335.00</YTD_ACTUAL>
       <MONTHLY_TARGET>25548961.00</MONTHLY_TARGET>
       <MONTHLY_ACTUAL>25669824.00</MONTHLY_ACTUAL>
      </MONTHLYVALUES>
    </MONTH>
    <MONTH>
     <PERIOD_MONTH>9</PERIOD_MONTH>
      <MONTHLYVALUES>
       <YTD_TARGET>215056533.00</YTD_TARGET>
       <YTD_ACTUAL>215382382.00</YTD_ACTUAL>
       <MONTHLY_TARGET>24013749.00</MONTHLY_TARGET>
       <MONTHLY_ACTUAL>23763047.00</MONTHLY_ACTUAL>
      </MONTHLYVALUES>
    </MONTH>
    <MONTH>
     <PERIOD_MONTH>10</PERIOD_MONTH>
      <MONTHLYVALUES>
       <YTD_TARGET>239868888.00</YTD_TARGET>
       <YTD_ACTUAL>238310703.00</YTD_ACTUAL>
       <MONTHLY_TARGET>24812355.00</MONTHLY_TARGET>
       <MONTHLY_ACTUAL>22928321.00</MONTHLY_ACTUAL>
      </MONTHLYVALUES>
    </MONTH>
    <MONTH>
     <PERIOD_MONTH>11</PERIOD_MONTH>
      <MONTHLYVALUES>
       <YTD_TARGET>263414182.00</YTD_TARGET>
       <YTD_ACTUAL>259256060.00</YTD_ACTUAL>
       <MONTHLY_TARGET>23545294.00</MONTHLY_TARGET>
       <MONTHLY_ACTUAL>20945357.00</MONTHLY_ACTUAL>
      </MONTHLYVALUES>
    </MONTH>
    <MONTH>
     <PERIOD_MONTH>12</PERIOD_MONTH>
      <MONTHLYVALUES>
       <YTD_TARGET>286442003.00</YTD_TARGET>
       <YTD_ACTUAL>282611322.00</YTD_ACTUAL>
       <MONTHLY_TARGET>23027821.00</MONTHLY_TARGET>
       <MONTHLY_ACTUAL>23355262.00</MONTHLY_ACTUAL>
      </MONTHLYVALUES>
    </MONTH>
 </YEAR>
 <YEAR>
  <PERIOD_YEAR>2013</PERIOD_YEAR>
    <MONTH>
     <PERIOD_MONTH>1</PERIOD_MONTH>
      <MONTHLYVALUES>
       <YTD_TARGET>21539442.00</YTD_TARGET>
       <YTD_ACTUAL>22290223.00</YTD_ACTUAL>
       <MONTHLY_TARGET>21539442.00</MONTHLY_TARGET>
       <MONTHLY_ACTUAL>22290223.00</MONTHLY_ACTUAL>
      </MONTHLYVALUES>
    </MONTH>
    <MONTH>
     <PERIOD_MONTH>2</PERIOD_MONTH>
      <MONTHLYVALUES>
       <YTD_TARGET>41547843.00</YTD_TARGET>
       <YTD_ACTUAL>42122193.00</YTD_ACTUAL>
       <MONTHLY_TARGET>20008401.00</MONTHLY_TARGET>
       <MONTHLY_ACTUAL>19831970.00</MONTHLY_ACTUAL>
      </MONTHLYVALUES>
    </MONTH>
    <MONTH>
     <PERIOD_MONTH>3</PERIOD_MONTH>
      <MONTHLYVALUES>
       <YTD_TARGET>64454925.00</YTD_TARGET>
       <YTD_ACTUAL>65498214.00</YTD_ACTUAL>
       <MONTHLY_TARGET>22907082.00</MONTHLY_TARGET>
       <MONTHLY_ACTUAL>23376021.00</MONTHLY_ACTUAL>
      </MONTHLYVALUES>
    </MONTH>
    <MONTH>
     <PERIOD_MONTH>4</PERIOD_MONTH>
      <MONTHLYVALUES>
       <YTD_TARGET>87255509.00</YTD_TARGET>
       <YTD_ACTUAL>89136802.00</YTD_ACTUAL>
       <MONTHLY_TARGET>22800584.00</MONTHLY_TARGET>
       <MONTHLY_ACTUAL>23638588.00</MONTHLY_ACTUAL>
      </MONTHLYVALUES>
    </MONTH>
    <MONTH>
     <PERIOD_MONTH>5</PERIOD_MONTH>
      <MONTHLYVALUES>
       <YTD_TARGET>111680329.00</YTD_TARGET>
       <YTD_ACTUAL>114182054.00</YTD_ACTUAL>
       <MONTHLY_TARGET>24424820.00</MONTHLY_TARGET>
       <MONTHLY_ACTUAL>25045252.00</MONTHLY_ACTUAL>
      </MONTHLYVALUES>
    </MONTH>
    <MONTH>
     <PERIOD_MONTH>6</PERIOD_MONTH>
      <MONTHLYVALUES>
       <YTD_TARGET>136141583.00</YTD_TARGET>
       <YTD_ACTUAL>138921042.00</YTD_ACTUAL>
       <MONTHLY_TARGET>24461254.00</MONTHLY_TARGET>
       <MONTHLY_ACTUAL>24738988.00</MONTHLY_ACTUAL>
      </MONTHLYVALUES>
    </MONTH>
    <MONTH>
     <PERIOD_MONTH>7</PERIOD_MONTH>
      <MONTHLYVALUES>
       <YTD_TARGET>160354293.00</YTD_TARGET>
       <YTD_ACTUAL>163807572.00</YTD_ACTUAL>
       <MONTHLY_TARGET>24212710.00</MONTHLY_TARGET>
       <MONTHLY_ACTUAL>24886530.00</MONTHLY_ACTUAL>
      </MONTHLYVALUES>
    </MONTH>
    <MONTH>
     <PERIOD_MONTH>8</PERIOD_MONTH>
      <MONTHLYVALUES>
       <YTD_TARGET>184914548.00</YTD_TARGET>
       <YTD_ACTUAL>189444171.00</YTD_ACTUAL>
       <MONTHLY_TARGET>24560255.00</MONTHLY_TARGET>
       <MONTHLY_ACTUAL>25636599.00</MONTHLY_ACTUAL>
      </MONTHLYVALUES>
    </MONTH>
    <MONTH>
     <PERIOD_MONTH>9</PERIOD_MONTH>
      <MONTHLYVALUES>
       <YTD_TARGET>208164795.00</YTD_TARGET>
       <YTD_ACTUAL>213254242.00</YTD_ACTUAL>
       <MONTHLY_TARGET>23250247.00</MONTHLY_TARGET>
       <MONTHLY_ACTUAL>23810071.00</MONTHLY_ACTUAL>
      </MONTHLYVALUES>
    </MONTH>
    <MONTH>
     <PERIOD_MONTH>10</PERIOD_MONTH>
      <MONTHLYVALUES>
       <YTD_TARGET>231944177.00</YTD_TARGET>
       <YTD_ACTUAL>238310592.00</YTD_ACTUAL>
       <MONTHLY_TARGET>23779382.00</MONTHLY_TARGET>
       <MONTHLY_ACTUAL>25056350.00</MONTHLY_ACTUAL>
      </MONTHLYVALUES>
    </MONTH>
    <MONTH>
     <PERIOD_MONTH>11</PERIOD_MONTH>
      <MONTHLYVALUES>
       <YTD_TARGET>254719866.00</YTD_TARGET>
       <YTD_ACTUAL>261486722.00</YTD_ACTUAL>
       <MONTHLY_TARGET>22775689.00</MONTHLY_TARGET>
       <MONTHLY_ACTUAL>23176130.00</MONTHLY_ACTUAL>
      </MONTHLYVALUES>
    </MONTH>
    <MONTH>
     <PERIOD_MONTH>12</PERIOD_MONTH>
      <MONTHLYVALUES>
       <YTD_TARGET>277093944.00</YTD_TARGET>
       <YTD_ACTUAL>284662852.00</YTD_ACTUAL>
       <MONTHLY_TARGET>22374078.00</MONTHLY_TARGET>
       <MONTHLY_ACTUAL>23176130.00</MONTHLY_ACTUAL>
      </MONTHLYVALUES>
    </MONTH>
 </YEAR>
 <YEAR>
  <PERIOD_YEAR>2014</PERIOD_YEAR>
    <MONTH>
     <PERIOD_MONTH>1</PERIOD_MONTH>
      <MONTHLYVALUES>
       <YTD_TARGET>21135000.33</YTD_TARGET>
       <YTD_ACTUAL>20747317.00</YTD_ACTUAL>
       <MONTHLY_TARGET>21135000.33</MONTHLY_TARGET>
       <MONTHLY_ACTUAL>20747317.00</MONTHLY_ACTUAL>
      </MONTHLYVALUES>
    </MONTH>
    <MONTH>
     <PERIOD_MONTH>2</PERIOD_MONTH>
      <MONTHLYVALUES>
       <YTD_TARGET>40967000.42</YTD_TARGET>
       <YTD_ACTUAL>39449020.00</YTD_ACTUAL>
       <MONTHLY_TARGET>19832000.09</MONTHLY_TARGET>
       <MONTHLY_ACTUAL>18701703.00</MONTHLY_ACTUAL>
      </MONTHLYVALUES>
    </MONTH>
    <MONTH>
     <PERIOD_MONTH>3</PERIOD_MONTH>
      <MONTHLYVALUES>
       <YTD_TARGET>64393000.36</YTD_TARGET>
       <YTD_ACTUAL>62880587.00</YTD_ACTUAL>
       <MONTHLY_TARGET>23425999.94</MONTHLY_TARGET>
       <MONTHLY_ACTUAL>23431567.00</MONTHLY_ACTUAL>
      </MONTHLYVALUES>
    </MONTH>
    <MONTH>
     <PERIOD_MONTH>4</PERIOD_MONTH>
      <MONTHLYVALUES>
       <YTD_TARGET>87804000.57</YTD_TARGET>
       <YTD_ACTUAL>86715360.00</YTD_ACTUAL>
       <MONTHLY_TARGET>23411000.21</MONTHLY_TARGET>
       <MONTHLY_ACTUAL>23834773.00</MONTHLY_ACTUAL>
      </MONTHLYVALUES>
    </MONTH>
    <MONTH>
     <PERIOD_MONTH>5</PERIOD_MONTH>
      <MONTHLYVALUES>
       <YTD_TARGET>112970000.83</YTD_TARGET>
       <YTD_ACTUAL>112388851.00</YTD_ACTUAL>
       <MONTHLY_TARGET>25166000.26</MONTHLY_TARGET>
       <MONTHLY_ACTUAL>25673491.00</MONTHLY_ACTUAL>
      </MONTHLYVALUES>
    </MONTH>
    <MONTH>
     <PERIOD_MONTH>6</PERIOD_MONTH>
      <MONTHLYVALUES>
       <YTD_TARGET>137868000.67</YTD_TARGET>
       <YTD_ACTUAL>137771012.00</YTD_ACTUAL>
       <MONTHLY_TARGET>24897999.84</MONTHLY_TARGET>
       <MONTHLY_ACTUAL>25382161.00</MONTHLY_ACTUAL>
      </MONTHLYVALUES>
    </MONTH>
    <MONTH>
     <PERIOD_MONTH>7</PERIOD_MONTH>
      <MONTHLYVALUES>
       <YTD_TARGET>162501000.63</YTD_TARGET>
       <YTD_ACTUAL>163219359.00</YTD_ACTUAL>
       <MONTHLY_TARGET>24632999.95</MONTHLY_TARGET>
       <MONTHLY_ACTUAL>25448347.00</MONTHLY_ACTUAL>
      </MONTHLYVALUES>
    </MONTH>
    <MONTH>
     <PERIOD_MONTH>8</PERIOD_MONTH>
      <MONTHLYVALUES>
       <YTD_TARGET>187630000.19</YTD_TARGET>
       <YTD_ACTUAL>189176211.00</YTD_ACTUAL>
       <MONTHLY_TARGET>25128999.57</MONTHLY_TARGET>
       <MONTHLY_ACTUAL>25956852.00</MONTHLY_ACTUAL>
      </MONTHLYVALUES>
    </MONTH>
    <MONTH>
     <PERIOD_MONTH>9</PERIOD_MONTH>
      <MONTHLYVALUES>
       <YTD_TARGET>211328000.36</YTD_TARGET>
       <YTD_ACTUAL>213668882.00</YTD_ACTUAL>
       <MONTHLY_TARGET>23698000.17</MONTHLY_TARGET>
       <MONTHLY_ACTUAL>24492671.00</MONTHLY_ACTUAL>
      </MONTHLYVALUES>
    </MONTH>
    <MONTH>
     <PERIOD_MONTH>10</PERIOD_MONTH>
      <MONTHLYVALUES>
       <YTD_TARGET>235371000.73</YTD_TARGET>
       <YTD_ACTUAL>238161553.00</YTD_ACTUAL>
       <MONTHLY_TARGET>24043000.38</MONTHLY_TARGET>
       <MONTHLY_ACTUAL>24492671.00</MONTHLY_ACTUAL>
      </MONTHLYVALUES>
    </MONTH>
    <MONTH>
     <PERIOD_MONTH>11</PERIOD_MONTH>
      <MONTHLYVALUES>
       <YTD_TARGET>258547000.64</YTD_TARGET>
       <YTD_ACTUAL>261522570.00</YTD_ACTUAL>
       <MONTHLY_TARGET>23175999.91</MONTHLY_TARGET>
       <MONTHLY_ACTUAL>23361017.00</MONTHLY_ACTUAL>
      </MONTHLYVALUES>
    </MONTH>
    <MONTH>
     <PERIOD_MONTH>12</PERIOD_MONTH>
      <MONTHLYVALUES>
       <YTD_TARGET>281570000.16</YTD_TARGET>
       <YTD_ACTUAL>285705092.00</YTD_ACTUAL>
       <MONTHLY_TARGET>23022999.52</MONTHLY_TARGET>
       <MONTHLY_ACTUAL>24182522.00</MONTHLY_ACTUAL>
      </MONTHLYVALUES>
    </MONTH>
 </YEAR>
 <YEAR>
  <PERIOD_YEAR>2015</PERIOD_YEAR>
    <MONTH>
     <PERIOD_MONTH>1</PERIOD_MONTH>
      <MONTHLYVALUES>
       <YTD_TARGET>.00</YTD_TARGET>
       <YTD_ACTUAL>20983289.00</YTD_ACTUAL>
       <MONTHLY_TARGET>.00</MONTHLY_TARGET>
       <MONTHLY_ACTUAL>20983289.00</MONTHLY_ACTUAL>
      </MONTHLYVALUES>
    </MONTH>
    <MONTH>
     <PERIOD_MONTH>2</PERIOD_MONTH>
      <MONTHLYVALUES>
       <YTD_TARGET>.00</YTD_TARGET>
       <YTD_ACTUAL>40966968.00</YTD_ACTUAL>
       <MONTHLY_TARGET>.00</MONTHLY_TARGET>
       <MONTHLY_ACTUAL>19983679.00</MONTHLY_ACTUAL>
      </MONTHLYVALUES>
    </MONTH>
    <MONTH>
     <PERIOD_MONTH>3</PERIOD_MONTH>
      <MONTHLYVALUES>
       <YTD_TARGET>.00</YTD_TARGET>
       <YTD_ACTUAL>64803613.00</YTD_ACTUAL>
       <MONTHLY_TARGET>.00</MONTHLY_TARGET>
       <MONTHLY_ACTUAL>23836645.00</MONTHLY_ACTUAL>
      </MONTHLYVALUES>
    </MONTH>
    <MONTH>
     <PERIOD_MONTH>4</PERIOD_MONTH>
      <MONTHLYVALUES>
       <YTD_TARGET>.00</YTD_TARGET>
       <YTD_ACTUAL>89628670.00</YTD_ACTUAL>
       <MONTHLY_TARGET>.00</MONTHLY_TARGET>
       <MONTHLY_ACTUAL>24825057.00</MONTHLY_ACTUAL>
      </MONTHLYVALUES>
    </MONTH>
    <MONTH>
     <PERIOD_MONTH>5</PERIOD_MONTH>
      <MONTHLYVALUES>
       <YTD_TARGET>.00</YTD_TARGET>
       <YTD_ACTUAL>116149292.00</YTD_ACTUAL>
       <MONTHLY_TARGET>.00</MONTHLY_TARGET>
       <MONTHLY_ACTUAL>26520622.00</MONTHLY_ACTUAL>
      </MONTHLYVALUES>
    </MONTH>
    <MONTH>
     <PERIOD_MONTH>6</PERIOD_MONTH>
      <MONTHLYVALUES>
       <YTD_TARGET>.00</YTD_TARGET>
       <YTD_ACTUAL>142289951.00</YTD_ACTUAL>
       <MONTHLY_TARGET>.00</MONTHLY_TARGET>
       <MONTHLY_ACTUAL>26140659.00</MONTHLY_ACTUAL>
      </MONTHLYVALUES>
    </MONTH>
    <MONTH>
     <PERIOD_MONTH>7</PERIOD_MONTH>
      <MONTHLYVALUES>
       <YTD_TARGET>.00</YTD_TARGET>
       <YTD_ACTUAL>169190944.00</YTD_ACTUAL>
       <MONTHLY_TARGET>.00</MONTHLY_TARGET>
       <MONTHLY_ACTUAL>26900993.00</MONTHLY_ACTUAL>
      </MONTHLYVALUES>
    </MONTH>
    <MONTH>
     <PERIOD_MONTH>8</PERIOD_MONTH>
      <MONTHLYVALUES>
       <YTD_TARGET>.00</YTD_TARGET>
       <YTD_ACTUAL>196367828.00</YTD_ACTUAL>
       <MONTHLY_TARGET>.00</MONTHLY_TARGET>
       <MONTHLY_ACTUAL>27176884.00</MONTHLY_ACTUAL>
      </MONTHLYVALUES>
    </MONTH>
    <MONTH>
     <PERIOD_MONTH>9</PERIOD_MONTH>
      <MONTHLYVALUES>
       <YTD_TARGET>.00</YTD_TARGET>
       <YTD_ACTUAL>221548490.00</YTD_ACTUAL>
       <MONTHLY_TARGET>.00</MONTHLY_TARGET>
       <MONTHLY_ACTUAL>25180662.00</MONTHLY_ACTUAL>
      </MONTHLYVALUES>
    </MONTH>
    <MONTH>
     <PERIOD_MONTH>10</PERIOD_MONTH>
      <MONTHLYVALUES>
       <YTD_TARGET>.00</YTD_TARGET>
       <YTD_ACTUAL>247769552.00</YTD_ACTUAL>
       <MONTHLY_TARGET>.00</MONTHLY_TARGET>
       <MONTHLY_ACTUAL>26221062.00</MONTHLY_ACTUAL>
      </MONTHLYVALUES>
    </MONTH>
    <MONTH>
     <PERIOD_MONTH>11</PERIOD_MONTH>
      <MONTHLYVALUES>
       <YTD_TARGET>.00</YTD_TARGET>
       <YTD_ACTUAL>272563104.00</YTD_ACTUAL>
       <MONTHLY_TARGET>.00</MONTHLY_TARGET>
       <MONTHLY_ACTUAL>24793552.00</MONTHLY_ACTUAL>
      </MONTHLYVALUES>
    </MONTH>
    <MONTH>
     <PERIOD_MONTH>12</PERIOD_MONTH>
      <MONTHLYVALUES>
       <YTD_TARGET>.00</YTD_TARGET>
       <YTD_ACTUAL>297948319.00</YTD_ACTUAL>
       <MONTHLY_TARGET>.00</MONTHLY_TARGET>
       <MONTHLY_ACTUAL>25385215.00</MONTHLY_ACTUAL>
      </MONTHLYVALUES>
    </MONTH>
 </YEAR>
 <YEAR>
  <PERIOD_YEAR>2016</PERIOD_YEAR>
    <MONTH>
     <PERIOD_MONTH>1</PERIOD_MONTH>
      <MONTHLYVALUES>
       <YTD_TARGET>.00</YTD_TARGET>
       <YTD_ACTUAL>22206860.00</YTD_ACTUAL>
       <MONTHLY_TARGET>.00</MONTHLY_TARGET>
       <MONTHLY_ACTUAL>22206860.00</MONTHLY_ACTUAL>
      </MONTHLYVALUES>
    </MONTH>
    <MONTH>
     <PERIOD_MONTH>2</PERIOD_MONTH>
      <MONTHLYVALUES>
       <YTD_TARGET>.00</YTD_TARGET>
       <YTD_ACTUAL>44586305.00</YTD_ACTUAL>
       <MONTHLY_TARGET>.00</MONTHLY_TARGET>
       <MONTHLY_ACTUAL>22379445.00</MONTHLY_ACTUAL>
      </MONTHLYVALUES>
    </MONTH>
    <MONTH>
     <PERIOD_MONTH>3</PERIOD_MONTH>
      <MONTHLYVALUES>
       <YTD_TARGET>.00</YTD_TARGET>
       <YTD_ACTUAL>70264312.00</YTD_ACTUAL>
       <MONTHLY_TARGET>.00</MONTHLY_TARGET>
       <MONTHLY_ACTUAL>25678007.00</MONTHLY_ACTUAL>
      </MONTHLYVALUES>
    </MONTH>
    <MONTH>
     <PERIOD_MONTH>4</PERIOD_MONTH>
      <MONTHLYVALUES>
       <YTD_TARGET>.00</YTD_TARGET>
       <YTD_ACTUAL>95724374.00</YTD_ACTUAL>
       <MONTHLY_TARGET>.00</MONTHLY_TARGET>
       <MONTHLY_ACTUAL>25460062.00</MONTHLY_ACTUAL>
      </MONTHLYVALUES>
    </MONTH>
    <MONTH>
     <PERIOD_MONTH>5</PERIOD_MONTH>
      <MONTHLYVALUES>
       <YTD_TARGET>.00</YTD_TARGET>
       <YTD_ACTUAL>122765933.00</YTD_ACTUAL>
       <MONTHLY_TARGET>.00</MONTHLY_TARGET>
       <MONTHLY_ACTUAL>27041559.00</MONTHLY_ACTUAL>
      </MONTHLYVALUES>
    </MONTH>
    <MONTH>
     <PERIOD_MONTH>6</PERIOD_MONTH>
      <MONTHLYVALUES>
       <YTD_TARGET>.00</YTD_TARGET>
       <YTD_ACTUAL>150047406.00</YTD_ACTUAL>
       <MONTHLY_TARGET>.00</MONTHLY_TARGET>
       <MONTHLY_ACTUAL>27281473.00</MONTHLY_ACTUAL>
      </MONTHLYVALUES>
    </MONTH>
    <MONTH>
     <PERIOD_MONTH>7</PERIOD_MONTH>
      <MONTHLYVALUES>
       <YTD_TARGET>.00</YTD_TARGET>
       <YTD_ACTUAL>177327246.00</YTD_ACTUAL>
       <MONTHLY_TARGET>.00</MONTHLY_TARGET>
       <MONTHLY_ACTUAL>27279840.00</MONTHLY_ACTUAL>
      </MONTHLYVALUES>
    </MONTH>
    <MONTH>
     <PERIOD_MONTH>8</PERIOD_MONTH>
      <MONTHLYVALUES>
       <YTD_TARGET>.00</YTD_TARGET>
       <YTD_ACTUAL>204947692.00</YTD_ACTUAL>
       <MONTHLY_TARGET>.00</MONTHLY_TARGET>
       <MONTHLY_ACTUAL>27620446.00</MONTHLY_ACTUAL>
      </MONTHLYVALUES>
    </MONTH>
    <MONTH>
     <PERIOD_MONTH>9</PERIOD_MONTH>
      <MONTHLYVALUES>
       <YTD_TARGET>.00</YTD_TARGET>
       <YTD_ACTUAL>230990948.00</YTD_ACTUAL>
       <MONTHLY_TARGET>.00</MONTHLY_TARGET>
       <MONTHLY_ACTUAL>26043256.00</MONTHLY_ACTUAL>
      </MONTHLYVALUES>
    </MONTH>
    <MONTH>
     <PERIOD_MONTH>10</PERIOD_MONTH>
      <MONTHLYVALUES>
       <YTD_TARGET>.00</YTD_TARGET>
       <YTD_ACTUAL>257016137.00</YTD_ACTUAL>
       <MONTHLY_TARGET>.00</MONTHLY_TARGET>
       <MONTHLY_ACTUAL>26025189.00</MONTHLY_ACTUAL>
      </MONTHLYVALUES>
    </MONTH>
    <MONTH>
     <PERIOD_MONTH>11</PERIOD_MONTH>
      <MONTHLYVALUES>
       <YTD_TARGET>.00</YTD_TARGET>
       <YTD_ACTUAL>282116081.00</YTD_ACTUAL>
       <MONTHLY_TARGET>.00</MONTHLY_TARGET>
       <MONTHLY_ACTUAL>25099944.00</MONTHLY_ACTUAL>
      </MONTHLYVALUES>
    </MONTH>
    <MONTH>
     <PERIOD_MONTH>12</PERIOD_MONTH>
      <MONTHLYVALUES>
       <YTD_TARGET>.00</YTD_TARGET>
       <YTD_ACTUAL>307345513.00</YTD_ACTUAL>
       <MONTHLY_TARGET>.00</MONTHLY_TARGET>
       <MONTHLY_ACTUAL>25229432.00</MONTHLY_ACTUAL>
      </MONTHLYVALUES>
    </MONTH>
 </YEAR>
 <YEAR>
  <PERIOD_YEAR>2017</PERIOD_YEAR>
    <MONTH>
     <PERIOD_MONTH>1</PERIOD_MONTH>
      <MONTHLYVALUES>
       <YTD_TARGET>.00</YTD_TARGET>
       <YTD_ACTUAL>23432512.00</YTD_ACTUAL>
       <MONTHLY_TARGET>.00</MONTHLY_TARGET>
       <MONTHLY_ACTUAL>23432512.00</MONTHLY_ACTUAL>
      </MONTHLYVALUES>
    </MONTH>
    <MONTH>
     <PERIOD_MONTH>2</PERIOD_MONTH>
      <MONTHLYVALUES>
       <YTD_TARGET>.00</YTD_TARGET>
       <YTD_ACTUAL>45030597.00</YTD_ACTUAL>
       <MONTHLY_TARGET>.00</MONTHLY_TARGET>
       <MONTHLY_ACTUAL>21598085.00</MONTHLY_ACTUAL>
      </MONTHLYVALUES>
    </MONTH>
    <MONTH>
     <PERIOD_MONTH>3</PERIOD_MONTH>
      <MONTHLYVALUES>
       <YTD_TARGET>.00</YTD_TARGET>
       <YTD_ACTUAL>69609692.00</YTD_ACTUAL>
       <MONTHLY_TARGET>.00</MONTHLY_TARGET>
       <MONTHLY_ACTUAL>24579095.00</MONTHLY_ACTUAL>
      </MONTHLYVALUES>
    </MONTH>
 </YEAR>
 </INDICATOR>
</PERFORMANCE>
